<?xml version="1.0" encoding="UTF-8"?>
<kml xmlns="http://www.opengis.net/kml/2.2">
  <Document id="root_doc">
    <Schema id="Distrito_GUAYAIBI.schema">
      <SimpleField name="Cédula" type="double"/>
      <SimpleField name="cedula" type="string"/>
      <SimpleField name="N_" type="double"/>
      <SimpleField name="Nombres_y_" type="string"/>
      <SimpleField name="Sexo" type="string"/>
      <SimpleField name="Cambio_de_" type="string"/>
      <SimpleField name="Titular_se" type="string"/>
      <SimpleField name="Cédula_Ti" type="string"/>
      <SimpleField name="Situación" type="string"/>
      <SimpleField name="Comunidad" type="string"/>
      <SimpleField name="Modelo_imp" type="string"/>
      <SimpleField name="Departamen" type="string"/>
      <SimpleField name="Distrito" type="string"/>
      <SimpleField name="Localidad" type="string"/>
      <SimpleField name="Teléfono" type="string"/>
      <SimpleField name="Vivienda_L" type="double"/>
      <SimpleField name="Vivienda_1" type="double"/>
      <SimpleField name="Superficie" type="double"/>
      <SimpleField name="Situaci_1" type="string"/>
      <SimpleField name="Plantado" type="string"/>
      <SimpleField name="Parcela_La" type="double"/>
      <SimpleField name="Parcela_Lo" type="double"/>
      <SimpleField name="Grupo_Impl" type="string"/>
      <SimpleField name="Grupo_de_P" type="string"/>
      <SimpleField name="Jornales" type="double"/>
      <SimpleField name="Monto" type="double"/>
      <SimpleField name="Estado_del" type="string"/>
      <SimpleField name="Empresa" type="string"/>
      <SimpleField name="Lote" type="string"/>
      <SimpleField name="Fecha_de_M" type="string"/>
      <SimpleField name="F__de_pren" type="string"/>
      <SimpleField name="Estado_FAO" type="string"/>
      <SimpleField name="Etapa_de_i" type="string"/>
      <SimpleField name="Fecha_visi" type="string"/>
      <SimpleField name="Cumple_sup" type="string"/>
      <SimpleField name="Estado_mon" type="string"/>
      <SimpleField name="Situaci_12" type="string"/>
      <SimpleField name="Observaci" type="string"/>
      <SimpleField name="Dias_trans" type="double"/>
      <SimpleField name="Prioridad" type="string"/>
    </Schema>
    <Document id="Distrito_GUAYAIBI">
      <name>Distrito_GUAYAIBI</name>
      <Placemark id="Distrito_GUAYAIBI.1">
        <ExtendedData>
          <SchemaData schemaUrl="#Distrito_GUAYAIBI.schema">
            <SimpleData name="Cédula">6244654.00000000000</SimpleData>
            <SimpleData name="cedula">6244654</SimpleData>
            <SimpleData name="N_">1500.00000000000</SimpleData>
            <SimpleData name="Nombres_y_">ZULMA ESTER MARTINEZ FLORENCIO</SimpleData>
            <SimpleData name="Sexo">Mujer</SimpleData>
            <SimpleData name="Cambio_de_">NO</SimpleData>
            <SimpleData name="Titular_se">NO</SimpleData>
            <SimpleData name="Situación">NO</SimpleData>
            <SimpleData name="Comunidad">Campesina</SimpleData>
            <SimpleData name="Modelo_imp">Modelo 5</SimpleData>
            <SimpleData name="Departamen">SAN PEDRO</SimpleData>
            <SimpleData name="Distrito">GUAYAIBI</SimpleData>
            <SimpleData name="Localidad">ASENT. JUSTO VILLANUEVA LUZ BELLA</SimpleData>
            <SimpleData name="Teléfono">0986291199</SimpleData>
            <SimpleData name="Vivienda_L">-24.31068370000</SimpleData>
            <SimpleData name="Vivienda_1">-56.15927870000</SimpleData>
            <SimpleData name="Superficie">0.80000000000</SimpleData>
            <SimpleData name="Situaci_1">Pol?gono</SimpleData>
            <SimpleData name="Plantado">Si</SimpleData>
            <SimpleData name="Parcela_La">-24.30990533000</SimpleData>
            <SimpleData name="Parcela_Lo">-56.15900339000</SimpleData>
            <SimpleData name="Grupo_Impl">G1</SimpleData>
            <SimpleData name="Grupo_de_P">Lote 1-P3-XX-XX-XX</SimpleData>
            <SimpleData name="Jornales">0.00000000000</SimpleData>
            <SimpleData name="Monto">0.00000000000</SimpleData>
            <SimpleData name="Estado_del">Activo</SimpleData>
            <SimpleData name="Empresa">Hyh Consultores SRL</SimpleData>
            <SimpleData name="Lote">Lote 1</SimpleData>
            <SimpleData name="Fecha_de_M">-</SimpleData>
            <SimpleData name="F__de_pren">-</SimpleData>
            <SimpleData name="Estado_FAO">Monitorear</SimpleData>
            <SimpleData name="Etapa_de_i">Mantenimiento A?o 1.2</SimpleData>
            <SimpleData name="Fecha_visi">2026/09/15</SimpleData>
            <SimpleData name="Cumple_sup">Si</SimpleData>
            <SimpleData name="Estado_mon">-</SimpleData>
            <SimpleData name="Situaci_12">-</SimpleData>
            <SimpleData name="Dias_trans">5.35989583333</SimpleData>
            <SimpleData name="Prioridad">ALTA</SimpleData>
          </SchemaData>
        </ExtendedData>
        <MultiGeometry>
          <Polygon>
            <outerBoundaryIs>
              <LinearRing>
                <coordinates>
                  -56.1584944999844,-24.3107014001944,0
                  -56.1590030996539,-24.310715199784,0
                  -56.1590496998198,-24.3103965003826,0
                  -56.1584676004475,-24.3104143005147,0
                  -56.1584944999844,-24.3107014001944,0
                </coordinates>
              </LinearRing>
            </outerBoundaryIs>
          </Polygon>
          <Polygon>
            <outerBoundaryIs>
              <LinearRing>
                <coordinates>
                  -56.158746700288,-24.3092593002375,0
                  -56.1588742997466,-24.3101716996808,0
                  -56.1593519996655,-24.3101635001196,0
                  -56.159368599801,-24.309252700364,0
                  -56.158746700288,-24.3092593002375,0
                </coordinates>
              </LinearRing>
            </outerBoundaryIs>
          </Polygon>
        </MultiGeometry>
      </Placemark>
      <Placemark id="Distrito_GUAYAIBI.2">
        <ExtendedData>
          <SchemaData schemaUrl="#Distrito_GUAYAIBI.schema">
            <SimpleData name="Cédula">4015248.00000000000</SimpleData>
            <SimpleData name="cedula">4015248</SimpleData>
            <SimpleData name="N_">1601.00000000000</SimpleData>
            <SimpleData name="Nombres_y_">ROMINA LUCIA MORENO SANCHEZ</SimpleData>
            <SimpleData name="Sexo">Mujer</SimpleData>
            <SimpleData name="Cambio_de_">NO</SimpleData>
            <SimpleData name="Titular_se">NO</SimpleData>
            <SimpleData name="Situación">NO</SimpleData>
            <SimpleData name="Comunidad">Campesina</SimpleData>
            <SimpleData name="Modelo_imp">Modelo 5</SimpleData>
            <SimpleData name="Departamen">SAN PEDRO</SimpleData>
            <SimpleData name="Distrito">GUAYAIBI</SimpleData>
            <SimpleData name="Localidad">DIOSESANO</SimpleData>
            <SimpleData name="Teléfono">0986442009</SimpleData>
            <SimpleData name="Vivienda_L">-24.51698870000</SimpleData>
            <SimpleData name="Vivienda_1">-56.40554800000</SimpleData>
            <SimpleData name="Superficie">0.70000000000</SimpleData>
            <SimpleData name="Situaci_1">Pol?gono</SimpleData>
            <SimpleData name="Plantado">Si</SimpleData>
            <SimpleData name="Parcela_La">-24.51683637000</SimpleData>
            <SimpleData name="Parcela_Lo">-56.40167747000</SimpleData>
            <SimpleData name="Grupo_Impl">G1</SimpleData>
            <SimpleData name="Grupo_de_P">Lote 1-P1-XX-XX-XX</SimpleData>
            <SimpleData name="Jornales">0.00000000000</SimpleData>
            <SimpleData name="Monto">0.00000000000</SimpleData>
            <SimpleData name="Estado_del">Activo</SimpleData>
            <SimpleData name="Empresa">Hyh Consultores SRL</SimpleData>
            <SimpleData name="Lote">Lote 1</SimpleData>
            <SimpleData name="Fecha_de_M">-</SimpleData>
            <SimpleData name="F__de_pren">-</SimpleData>
            <SimpleData name="Estado_FAO">Monitorear</SimpleData>
            <SimpleData name="Etapa_de_i">Mantenimiento A?o 1.2</SimpleData>
            <SimpleData name="Fecha_visi">2026/09/03</SimpleData>
            <SimpleData name="Cumple_sup">Si</SimpleData>
            <SimpleData name="Estado_mon">-</SimpleData>
            <SimpleData name="Situaci_12">-</SimpleData>
            <SimpleData name="Dias_trans">17.17576388890</SimpleData>
            <SimpleData name="Prioridad">ALTA</SimpleData>
          </SchemaData>
        </ExtendedData>
        <Polygon>
          <outerBoundaryIs>
            <LinearRing>
              <coordinates>
                -56.400621700144,-24.5169417009295,0
                -56.4029149999019,-24.5171349998973,0
                -56.4025217004872,-24.5167316998962,0
                -56.4007782999231,-24.5165117008952,0
                -56.400621700144,-24.5169417009295,0
              </coordinates>
            </LinearRing>
          </outerBoundaryIs>
        </Polygon>
      </Placemark>
      <Placemark id="Distrito_GUAYAIBI.3">
        <ExtendedData>
          <SchemaData schemaUrl="#Distrito_GUAYAIBI.schema">
            <SimpleData name="Cédula">5828449.00000000000</SimpleData>
            <SimpleData name="cedula">5828449</SimpleData>
            <SimpleData name="N_">1559.00000000000</SimpleData>
            <SimpleData name="Nombres_y_">GRACIELA AVALOS ORTIZ</SimpleData>
            <SimpleData name="Sexo">Mujer</SimpleData>
            <SimpleData name="Cambio_de_">NO</SimpleData>
            <SimpleData name="Titular_se">NO</SimpleData>
            <SimpleData name="Situación">NO</SimpleData>
            <SimpleData name="Comunidad">Campesina</SimpleData>
            <SimpleData name="Modelo_imp">Modelo 5</SimpleData>
            <SimpleData name="Departamen">SAN PEDRO</SimpleData>
            <SimpleData name="Distrito">GUAYAIBI</SimpleData>
            <SimpleData name="Localidad">LUZ BELLA SAN LUIS</SimpleData>
            <SimpleData name="Teléfono">0985317623</SimpleData>
            <SimpleData name="Vivienda_L">-24.32083090000</SimpleData>
            <SimpleData name="Vivienda_1">-56.17378910000</SimpleData>
            <SimpleData name="Superficie">0.70000000000</SimpleData>
            <SimpleData name="Situaci_1">Pol?gono</SimpleData>
            <SimpleData name="Plantado">Si</SimpleData>
            <SimpleData name="Parcela_La">-24.32092289000</SimpleData>
            <SimpleData name="Parcela_Lo">-56.17258967000</SimpleData>
            <SimpleData name="Grupo_Impl">G1</SimpleData>
            <SimpleData name="Grupo_de_P">Lote 1-P2-XX-XX-XX</SimpleData>
            <SimpleData name="Jornales">0.00000000000</SimpleData>
            <SimpleData name="Monto">0.00000000000</SimpleData>
            <SimpleData name="Estado_del">Activo</SimpleData>
            <SimpleData name="Empresa">Hyh Consultores SRL</SimpleData>
            <SimpleData name="Lote">Lote 1</SimpleData>
            <SimpleData name="Fecha_de_M">-</SimpleData>
            <SimpleData name="F__de_pren">-</SimpleData>
            <SimpleData name="Estado_FAO">Monitorear</SimpleData>
            <SimpleData name="Etapa_de_i">Mantenimiento A?o 1.2</SimpleData>
            <SimpleData name="Fecha_visi">2026/09/10</SimpleData>
            <SimpleData name="Cumple_sup">Si</SimpleData>
            <SimpleData name="Estado_mon">-</SimpleData>
            <SimpleData name="Situaci_12">-</SimpleData>
            <SimpleData name="Dias_trans">10.23142361110</SimpleData>
            <SimpleData name="Prioridad">ALTA</SimpleData>
          </SchemaData>
        </ExtendedData>
        <Polygon>
          <outerBoundaryIs>
            <LinearRing>
              <coordinates>
                -56.1720293012248,-24.3208532461805,0
                -56.1720067002205,-24.321213300322,0
                -56.1720157517197,-24.3212132973097,0
                -56.172016698746,-24.3212032994287,0
                -56.1720231968921,-24.3212034080242,0
                -56.1726010699443,-24.3212130413956,0
                -56.173147500467,-24.3212127999084,0
                -56.1731793001917,-24.3206545002672,0
                -56.1720442002062,-24.3206159004771,0
                -56.1720293012248,-24.3208532461805,0
              </coordinates>
            </LinearRing>
          </outerBoundaryIs>
        </Polygon>
      </Placemark>
      <Placemark id="Distrito_GUAYAIBI.4">
        <ExtendedData>
          <SchemaData schemaUrl="#Distrito_GUAYAIBI.schema">
            <SimpleData name="Cédula">6680081.00000000000</SimpleData>
            <SimpleData name="cedula">6680081</SimpleData>
            <SimpleData name="N_">1517.00000000000</SimpleData>
            <SimpleData name="Nombres_y_">LIDUVINA  ROA ALCARAZ</SimpleData>
            <SimpleData name="Sexo">Mujer</SimpleData>
            <SimpleData name="Cambio_de_">NO</SimpleData>
            <SimpleData name="Titular_se">NO</SimpleData>
            <SimpleData name="Situación">NO</SimpleData>
            <SimpleData name="Comunidad">Campesina</SimpleData>
            <SimpleData name="Modelo_imp">Modelo 5</SimpleData>
            <SimpleData name="Departamen">SAN PEDRO</SimpleData>
            <SimpleData name="Distrito">GUAYAIBI</SimpleData>
            <SimpleData name="Localidad">1 DE MAYO (COLONIA LUZ BELLA)</SimpleData>
            <SimpleData name="Teléfono">ND</SimpleData>
            <SimpleData name="Vivienda_L">-24.19661170000</SimpleData>
            <SimpleData name="Vivienda_1">-56.15912480000</SimpleData>
            <SimpleData name="Superficie">0.70000000000</SimpleData>
            <SimpleData name="Situaci_1">Pol?gono</SimpleData>
            <SimpleData name="Plantado">Si</SimpleData>
            <SimpleData name="Parcela_La">-24.19675294000</SimpleData>
            <SimpleData name="Parcela_Lo">-56.16563531000</SimpleData>
            <SimpleData name="Grupo_Impl">G1</SimpleData>
            <SimpleData name="Grupo_de_P">Lote 1-P3-XX-XX-XX</SimpleData>
            <SimpleData name="Jornales">0.00000000000</SimpleData>
            <SimpleData name="Monto">0.00000000000</SimpleData>
            <SimpleData name="Estado_del">Activo</SimpleData>
            <SimpleData name="Empresa">Hyh Consultores SRL</SimpleData>
            <SimpleData name="Lote">Lote 1</SimpleData>
            <SimpleData name="Fecha_de_M">-</SimpleData>
            <SimpleData name="F__de_pren">-</SimpleData>
            <SimpleData name="Estado_FAO">Monitorear</SimpleData>
            <SimpleData name="Etapa_de_i">Mantenimiento A?o 1.2</SimpleData>
            <SimpleData name="Fecha_visi">2026/09/15</SimpleData>
            <SimpleData name="Cumple_sup">Si</SimpleData>
            <SimpleData name="Estado_mon">-</SimpleData>
            <SimpleData name="Situaci_12">-</SimpleData>
            <SimpleData name="Dias_trans">5.17253472222</SimpleData>
            <SimpleData name="Prioridad">ALTA</SimpleData>
          </SchemaData>
        </ExtendedData>
        <Polygon>
          <outerBoundaryIs>
            <LinearRing>
              <coordinates>
                -56.1647464001428,-24.1969754005747,0
                -56.1665004003241,-24.1969982995066,0
                -56.166505299774,-24.1965162003757,0
                -56.1647541005931,-24.1965214001779,0
                -56.1647464001428,-24.1969754005747,0
              </coordinates>
            </LinearRing>
          </outerBoundaryIs>
        </Polygon>
      </Placemark>
      <Placemark id="Distrito_GUAYAIBI.5">
        <ExtendedData>
          <SchemaData schemaUrl="#Distrito_GUAYAIBI.schema">
            <SimpleData name="Cédula">4535317.00000000000</SimpleData>
            <SimpleData name="cedula">4535317</SimpleData>
            <SimpleData name="N_">1543.00000000000</SimpleData>
            <SimpleData name="Nombres_y_">GLADYS MARLENE VILLALBA VELAZQUEZ</SimpleData>
            <SimpleData name="Sexo">Mujer</SimpleData>
            <SimpleData name="Cambio_de_">NO</SimpleData>
            <SimpleData name="Titular_se">NO</SimpleData>
            <SimpleData name="Situación">NO</SimpleData>
            <SimpleData name="Comunidad">Campesina</SimpleData>
            <SimpleData name="Modelo_imp">Modelo 5</SimpleData>
            <SimpleData name="Departamen">SAN PEDRO</SimpleData>
            <SimpleData name="Distrito">GUAYAIBI</SimpleData>
            <SimpleData name="Localidad">BARRIO SAN FRANCISCO (COLONIA LUZ BELLA)</SimpleData>
            <SimpleData name="Teléfono">0985304504</SimpleData>
            <SimpleData name="Vivienda_L">-24.21999560000</SimpleData>
            <SimpleData name="Vivienda_1">-56.17645480000</SimpleData>
            <SimpleData name="Superficie">0.70000000000</SimpleData>
            <SimpleData name="Situaci_1">Pol?gono</SimpleData>
            <SimpleData name="Plantado">Si</SimpleData>
            <SimpleData name="Parcela_La">-24.21983346000</SimpleData>
            <SimpleData name="Parcela_Lo">-56.18846846000</SimpleData>
            <SimpleData name="Grupo_Impl">G1</SimpleData>
            <SimpleData name="Grupo_de_P">Lote 1-P3-XX-XX-XX</SimpleData>
            <SimpleData name="Jornales">0.00000000000</SimpleData>
            <SimpleData name="Monto">0.00000000000</SimpleData>
            <SimpleData name="Estado_del">Activo</SimpleData>
            <SimpleData name="Empresa">Hyh Consultores SRL</SimpleData>
            <SimpleData name="Lote">Lote 1</SimpleData>
            <SimpleData name="Fecha_de_M">-</SimpleData>
            <SimpleData name="F__de_pren">-</SimpleData>
            <SimpleData name="Estado_FAO">Monitorear</SimpleData>
            <SimpleData name="Etapa_de_i">Mantenimiento A?o 1.2</SimpleData>
            <SimpleData name="Fecha_visi">2026/09/15</SimpleData>
            <SimpleData name="Cumple_sup">Si</SimpleData>
            <SimpleData name="Estado_mon">-</SimpleData>
            <SimpleData name="Situaci_12">-</SimpleData>
            <SimpleData name="Dias_trans">5.22935185185</SimpleData>
            <SimpleData name="Prioridad">ALTA</SimpleData>
          </SchemaData>
        </ExtendedData>
        <Polygon>
          <outerBoundaryIs>
            <LinearRing>
              <coordinates>
                -56.187973100059,-24.2194944002347,0
                -56.187961400192,-24.2201790000482,0
                -56.1889682998635,-24.2201664007776,0
                -56.1889767002866,-24.219493300072,0
                -56.187973100059,-24.2194944002347,0
              </coordinates>
            </LinearRing>
          </outerBoundaryIs>
        </Polygon>
      </Placemark>
      <Placemark id="Distrito_GUAYAIBI.6">
        <ExtendedData>
          <SchemaData schemaUrl="#Distrito_GUAYAIBI.schema">
            <SimpleData name="Cédula">5635213.00000000000</SimpleData>
            <SimpleData name="cedula">5635213</SimpleData>
            <SimpleData name="N_">1612.00000000000</SimpleData>
            <SimpleData name="Nombres_y_">LILIANA MEZA ROMERO</SimpleData>
            <SimpleData name="Sexo">Mujer</SimpleData>
            <SimpleData name="Cambio_de_">NO</SimpleData>
            <SimpleData name="Titular_se">NO</SimpleData>
            <SimpleData name="Situación">NO</SimpleData>
            <SimpleData name="Comunidad">Campesina</SimpleData>
            <SimpleData name="Modelo_imp">Modelo 5</SimpleData>
            <SimpleData name="Departamen">SAN PEDRO</SimpleData>
            <SimpleData name="Distrito">GUAYAIBI</SimpleData>
            <SimpleData name="Localidad">PRIMAVERA REAL</SimpleData>
            <SimpleData name="Teléfono">0971403399</SimpleData>
            <SimpleData name="Vivienda_L">-24.45038800000</SimpleData>
            <SimpleData name="Vivienda_1">-56.18427670000</SimpleData>
            <SimpleData name="Superficie">0.70000000000</SimpleData>
            <SimpleData name="Situaci_1">Pol?gono</SimpleData>
            <SimpleData name="Plantado">Si</SimpleData>
            <SimpleData name="Parcela_La">-24.45164051000</SimpleData>
            <SimpleData name="Parcela_Lo">-56.18449109000</SimpleData>
            <SimpleData name="Grupo_Impl">G1</SimpleData>
            <SimpleData name="Grupo_de_P">Lote 1-P1-XX-XX-XX</SimpleData>
            <SimpleData name="Jornales">0.00000000000</SimpleData>
            <SimpleData name="Monto">0.00000000000</SimpleData>
            <SimpleData name="Estado_del">Activo</SimpleData>
            <SimpleData name="Empresa">Hyh Consultores SRL</SimpleData>
            <SimpleData name="Lote">Lote 1</SimpleData>
            <SimpleData name="Fecha_de_M">-</SimpleData>
            <SimpleData name="F__de_pren">-</SimpleData>
            <SimpleData name="Estado_FAO">Monitorear</SimpleData>
            <SimpleData name="Etapa_de_i">Mantenimiento A?o 1.2</SimpleData>
            <SimpleData name="Fecha_visi">2026/09/02</SimpleData>
            <SimpleData name="Cumple_sup">Si</SimpleData>
            <SimpleData name="Estado_mon">-</SimpleData>
            <SimpleData name="Situaci_12">-</SimpleData>
            <SimpleData name="Dias_trans">18.49237268520</SimpleData>
            <SimpleData name="Prioridad">ALTA</SimpleData>
          </SchemaData>
        </ExtendedData>
        <Polygon>
          <outerBoundaryIs>
            <LinearRing>
              <coordinates>
                -56.1841769984913,-24.4522644996524,0
                -56.1846583995713,-24.4523426003413,0
                -56.184796199868,-24.451009600025,0
                -56.1843358630079,-24.4509264801901,0
                -56.1841769984913,-24.4522644996524,0
              </coordinates>
            </LinearRing>
          </outerBoundaryIs>
        </Polygon>
      </Placemark>
      <Placemark id="Distrito_GUAYAIBI.7">
        <ExtendedData>
          <SchemaData schemaUrl="#Distrito_GUAYAIBI.schema">
            <SimpleData name="Cédula">3753005.00000000000</SimpleData>
            <SimpleData name="cedula">3753005</SimpleData>
            <SimpleData name="N_">1570.00000000000</SimpleData>
            <SimpleData name="Nombres_y_">NANCY RAQUEL IBARRA FRANCO</SimpleData>
            <SimpleData name="Sexo">Mujer</SimpleData>
            <SimpleData name="Cambio_de_">NO</SimpleData>
            <SimpleData name="Titular_se">NO</SimpleData>
            <SimpleData name="Situación">NO</SimpleData>
            <SimpleData name="Comunidad">Campesina</SimpleData>
            <SimpleData name="Modelo_imp">Modelo 5</SimpleData>
            <SimpleData name="Departamen">SAN PEDRO</SimpleData>
            <SimpleData name="Distrito">GUAYAIBI</SimpleData>
            <SimpleData name="Localidad">LUZ BELLA SAN LUIS</SimpleData>
            <SimpleData name="Teléfono">0983036573</SimpleData>
            <SimpleData name="Vivienda_L">-24.30890800000</SimpleData>
            <SimpleData name="Vivienda_1">-56.17376460000</SimpleData>
            <SimpleData name="Superficie">0.70000000000</SimpleData>
            <SimpleData name="Situaci_1">Pol?gono</SimpleData>
            <SimpleData name="Plantado">Si</SimpleData>
            <SimpleData name="Parcela_La">-24.30867330000</SimpleData>
            <SimpleData name="Parcela_Lo">-56.17109696000</SimpleData>
            <SimpleData name="Grupo_Impl">G1</SimpleData>
            <SimpleData name="Grupo_de_P">Lote 1-P3-XX-XX-XX</SimpleData>
            <SimpleData name="Jornales">0.00000000000</SimpleData>
            <SimpleData name="Monto">0.00000000000</SimpleData>
            <SimpleData name="Estado_del">Activo</SimpleData>
            <SimpleData name="Empresa">Hyh Consultores SRL</SimpleData>
            <SimpleData name="Lote">Lote 1</SimpleData>
            <SimpleData name="Fecha_de_M">-</SimpleData>
            <SimpleData name="F__de_pren">-</SimpleData>
            <SimpleData name="Estado_FAO">Monitorear</SimpleData>
            <SimpleData name="Etapa_de_i">Mantenimiento A?o 1.2</SimpleData>
            <SimpleData name="Fecha_visi">2026/09/11</SimpleData>
            <SimpleData name="Cumple_sup">Si</SimpleData>
            <SimpleData name="Estado_mon">-</SimpleData>
            <SimpleData name="Situaci_12">-</SimpleData>
            <SimpleData name="Dias_trans">9.28263888889</SimpleData>
            <SimpleData name="Prioridad">ALTA</SimpleData>
          </SchemaData>
        </ExtendedData>
        <Polygon>
          <outerBoundaryIs>
            <LinearRing>
              <coordinates>
                -56.1701999996862,-24.3084794002729,0
                -56.1703003998945,-24.3088754995761,0
                -56.1719448998202,-24.308863299646,0
                -56.1719687999608,-24.3084841995601,0
                -56.1701999996862,-24.3084794002729,0
              </coordinates>
            </LinearRing>
          </outerBoundaryIs>
        </Polygon>
      </Placemark>
      <Placemark id="Distrito_GUAYAIBI.8">
        <ExtendedData>
          <SchemaData schemaUrl="#Distrito_GUAYAIBI.schema">
            <SimpleData name="Cédula">5996131.00000000000</SimpleData>
            <SimpleData name="cedula">5996131</SimpleData>
            <SimpleData name="N_">1580.00000000000</SimpleData>
            <SimpleData name="Nombres_y_">DIOSNEL MOREIRA RIVAROLA</SimpleData>
            <SimpleData name="Sexo">Hombre</SimpleData>
            <SimpleData name="Cambio_de_">NO</SimpleData>
            <SimpleData name="Titular_se">NO</SimpleData>
            <SimpleData name="Situación">NO</SimpleData>
            <SimpleData name="Comunidad">Campesina</SimpleData>
            <SimpleData name="Modelo_imp">Modelo 5</SimpleData>
            <SimpleData name="Departamen">SAN PEDRO</SimpleData>
            <SimpleData name="Distrito">GUAYAIBI</SimpleData>
            <SimpleData name="Localidad">NATIVIDAD (COLONIA LUZ BELLA)</SimpleData>
            <SimpleData name="Teléfono">0981107815</SimpleData>
            <SimpleData name="Vivienda_L">-24.31351040000</SimpleData>
            <SimpleData name="Vivienda_1">-56.17401500000</SimpleData>
            <SimpleData name="Superficie">0.70000000000</SimpleData>
            <SimpleData name="Situaci_1">Pol?gono</SimpleData>
            <SimpleData name="Plantado">Si</SimpleData>
            <SimpleData name="Parcela_La">-24.31335876000</SimpleData>
            <SimpleData name="Parcela_Lo">-56.17012110000</SimpleData>
            <SimpleData name="Grupo_Impl">G1</SimpleData>
            <SimpleData name="Grupo_de_P">Lote 1-P2-XX-XX-XX</SimpleData>
            <SimpleData name="Jornales">0.00000000000</SimpleData>
            <SimpleData name="Monto">0.00000000000</SimpleData>
            <SimpleData name="Estado_del">Activo</SimpleData>
            <SimpleData name="Empresa">Hyh Consultores SRL</SimpleData>
            <SimpleData name="Lote">Lote 1</SimpleData>
            <SimpleData name="Fecha_de_M">-</SimpleData>
            <SimpleData name="F__de_pren">-</SimpleData>
            <SimpleData name="Estado_FAO">Monitorear</SimpleData>
            <SimpleData name="Etapa_de_i">Mantenimiento A?o 1.2</SimpleData>
            <SimpleData name="Fecha_visi">2026/09/11</SimpleData>
            <SimpleData name="Cumple_sup">Si</SimpleData>
            <SimpleData name="Estado_mon">-</SimpleData>
            <SimpleData name="Situaci_12">-</SimpleData>
            <SimpleData name="Dias_trans">9.20971064815</SimpleData>
            <SimpleData name="Prioridad">ALTA</SimpleData>
          </SchemaData>
        </ExtendedData>
        <Polygon>
          <outerBoundaryIs>
            <LinearRing>
              <coordinates>
                -56.1708614060609,-24.3131117453703,0
                -56.1707701611383,-24.3131168555327,0
                -56.1693461991547,-24.3131966001085,0
                -56.1693515000642,-24.3135983000499,0
                -56.1708689006239,-24.3135338987607,0
                -56.17089203792,-24.313110030511,0
                -56.1708614060609,-24.3131117453703,0
              </coordinates>
            </LinearRing>
          </outerBoundaryIs>
        </Polygon>
      </Placemark>
      <Placemark id="Distrito_GUAYAIBI.9">
        <ExtendedData>
          <SchemaData schemaUrl="#Distrito_GUAYAIBI.schema">
            <SimpleData name="Cédula">5371206.00000000000</SimpleData>
            <SimpleData name="cedula">5371206</SimpleData>
            <SimpleData name="N_">1555.00000000000</SimpleData>
            <SimpleData name="Nombres_y_">DIONISIA VERA OJEDA</SimpleData>
            <SimpleData name="Sexo">Mujer</SimpleData>
            <SimpleData name="Cambio_de_">NO</SimpleData>
            <SimpleData name="Titular_se">NO</SimpleData>
            <SimpleData name="Situación">NO</SimpleData>
            <SimpleData name="Comunidad">Campesina</SimpleData>
            <SimpleData name="Modelo_imp">Modelo 5</SimpleData>
            <SimpleData name="Departamen">SAN PEDRO</SimpleData>
            <SimpleData name="Distrito">GUAYAIBI</SimpleData>
            <SimpleData name="Localidad">CALLE 4000</SimpleData>
            <SimpleData name="Teléfono">ND</SimpleData>
            <SimpleData name="Vivienda_L">-24.56647360000</SimpleData>
            <SimpleData name="Vivienda_1">-56.35233260000</SimpleData>
            <SimpleData name="Superficie">0.70000000000</SimpleData>
            <SimpleData name="Situaci_1">Pol?gono</SimpleData>
            <SimpleData name="Plantado">Si</SimpleData>
            <SimpleData name="Parcela_La">-24.56503470000</SimpleData>
            <SimpleData name="Parcela_Lo">-56.35218677000</SimpleData>
            <SimpleData name="Grupo_Impl">G1</SimpleData>
            <SimpleData name="Grupo_de_P">Lote 1-P1-XX-XX-XX</SimpleData>
            <SimpleData name="Jornales">0.00000000000</SimpleData>
            <SimpleData name="Monto">0.00000000000</SimpleData>
            <SimpleData name="Estado_del">Activo</SimpleData>
            <SimpleData name="Empresa">Hyh Consultores SRL</SimpleData>
            <SimpleData name="Lote">Lote 1</SimpleData>
            <SimpleData name="Fecha_de_M">-</SimpleData>
            <SimpleData name="F__de_pren">-</SimpleData>
            <SimpleData name="Estado_FAO">Monitorear</SimpleData>
            <SimpleData name="Etapa_de_i">Mantenimiento A?o 1.2</SimpleData>
            <SimpleData name="Fecha_visi">2026/09/09</SimpleData>
            <SimpleData name="Cumple_sup">Si</SimpleData>
            <SimpleData name="Estado_mon">-</SimpleData>
            <SimpleData name="Situaci_12">-</SimpleData>
            <SimpleData name="Dias_trans">11.37662037040</SimpleData>
            <SimpleData name="Prioridad">ALTA</SimpleData>
          </SchemaData>
        </ExtendedData>
        <MultiGeometry>
          <Polygon>
            <outerBoundaryIs>
              <LinearRing>
                <coordinates>
                  -56.3520738005348,-24.5656794013384,0
                  -56.3520778014085,-24.5657352008713,0
                  -56.351726600133,-24.5657192006559,0
                  -56.3516644000898,-24.5660460001273,0
                  -56.3525338993298,-24.5660516000429,0
                  -56.3525144000322,-24.5656491015413,0
                  -56.3520738005348,-24.5656794013384,0
                </coordinates>
              </LinearRing>
            </outerBoundaryIs>
          </Polygon>
          <Polygon>
            <outerBoundaryIs>
              <LinearRing>
                <coordinates>
                  -56.3517862001509,-24.56501080037,0
                  -56.3520390007073,-24.5653074005003,0
                  -56.3525388006691,-24.56529280038,0
                  -56.3525526016774,-24.56483589986,0
                  -56.3517836003606,-24.5647714993572,0
                  -56.3517862001509,-24.56501080037,0
                </coordinates>
              </LinearRing>
            </outerBoundaryIs>
          </Polygon>
        </MultiGeometry>
      </Placemark>
      <Placemark id="Distrito_GUAYAIBI.10">
        <ExtendedData>
          <SchemaData schemaUrl="#Distrito_GUAYAIBI.schema">
            <SimpleData name="Cédula">2487456.00000000000</SimpleData>
            <SimpleData name="cedula">2487456</SimpleData>
            <SimpleData name="N_">1563.00000000000</SimpleData>
            <SimpleData name="Nombres_y_">CELSO ENCINA AGUILERA</SimpleData>
            <SimpleData name="Sexo">Hombre</SimpleData>
            <SimpleData name="Cambio_de_">NO</SimpleData>
            <SimpleData name="Titular_se">NO</SimpleData>
            <SimpleData name="Situación">NO</SimpleData>
            <SimpleData name="Comunidad">Campesina</SimpleData>
            <SimpleData name="Modelo_imp">Modelo 5</SimpleData>
            <SimpleData name="Departamen">SAN PEDRO</SimpleData>
            <SimpleData name="Distrito">GUAYAIBI</SimpleData>
            <SimpleData name="Localidad">ASENT. ECO URBANISTICO</SimpleData>
            <SimpleData name="Teléfono">0981080289</SimpleData>
            <SimpleData name="Vivienda_L">-24.25643830000</SimpleData>
            <SimpleData name="Vivienda_1">-56.17716650000</SimpleData>
            <SimpleData name="Superficie">0.70000000000</SimpleData>
            <SimpleData name="Situaci_1">Pol?gono</SimpleData>
            <SimpleData name="Plantado">Si</SimpleData>
            <SimpleData name="Parcela_La">-24.25610816000</SimpleData>
            <SimpleData name="Parcela_Lo">-56.17594113000</SimpleData>
            <SimpleData name="Grupo_Impl">G1</SimpleData>
            <SimpleData name="Grupo_de_P">Lote 1-P3-XX-XX-XX</SimpleData>
            <SimpleData name="Jornales">0.00000000000</SimpleData>
            <SimpleData name="Monto">0.00000000000</SimpleData>
            <SimpleData name="Estado_del">Activo</SimpleData>
            <SimpleData name="Empresa">Hyh Consultores SRL</SimpleData>
            <SimpleData name="Lote">Lote 1</SimpleData>
            <SimpleData name="Fecha_de_M">-</SimpleData>
            <SimpleData name="F__de_pren">-</SimpleData>
            <SimpleData name="Estado_FAO">Monitorear</SimpleData>
            <SimpleData name="Etapa_de_i">Mantenimiento A?o 1.2</SimpleData>
            <SimpleData name="Fecha_visi">2026/09/12</SimpleData>
            <SimpleData name="Cumple_sup">Si</SimpleData>
            <SimpleData name="Estado_mon">-</SimpleData>
            <SimpleData name="Situaci_12">-</SimpleData>
            <SimpleData name="Dias_trans">8.04547453704</SimpleData>
            <SimpleData name="Prioridad">ALTA</SimpleData>
          </SchemaData>
        </ExtendedData>
        <Polygon>
          <outerBoundaryIs>
            <LinearRing>
              <coordinates>
                -56.1754337003675,-24.2557769998434,0
                -56.1753833000487,-24.2563899994169,0
                -56.1764706007215,-24.2563949995461,0
                -56.1765378001279,-24.2558782004083,0
                -56.1754337003675,-24.2557769998434,0
              </coordinates>
            </LinearRing>
          </outerBoundaryIs>
        </Polygon>
      </Placemark>
      <Placemark id="Distrito_GUAYAIBI.11">
        <ExtendedData>
          <SchemaData schemaUrl="#Distrito_GUAYAIBI.schema">
            <SimpleData name="Cédula">6906146.00000000000</SimpleData>
            <SimpleData name="cedula">6906146</SimpleData>
            <SimpleData name="N_">1501.00000000000</SimpleData>
            <SimpleData name="Nombres_y_">ESTELVINA ISABEL BAREIRO ARAUJO</SimpleData>
            <SimpleData name="Sexo">Mujer</SimpleData>
            <SimpleData name="Cambio_de_">NO</SimpleData>
            <SimpleData name="Titular_se">NO</SimpleData>
            <SimpleData name="Situación">NO</SimpleData>
            <SimpleData name="Comunidad">Campesina</SimpleData>
            <SimpleData name="Modelo_imp">Modelo 5</SimpleData>
            <SimpleData name="Departamen">SAN PEDRO</SimpleData>
            <SimpleData name="Distrito">GUAYAIBI</SimpleData>
            <SimpleData name="Localidad">ASENT. JUSTO VILLANUEVA LUZ BELLA</SimpleData>
            <SimpleData name="Teléfono">0986127946</SimpleData>
            <SimpleData name="Vivienda_L">0.00000000000</SimpleData>
            <SimpleData name="Vivienda_1">0.00000000000</SimpleData>
            <SimpleData name="Superficie">0.70000000000</SimpleData>
            <SimpleData name="Situaci_1">Pol?gono</SimpleData>
            <SimpleData name="Plantado">Si</SimpleData>
            <SimpleData name="Parcela_La">-24.32781476000</SimpleData>
            <SimpleData name="Parcela_Lo">-56.14806160000</SimpleData>
            <SimpleData name="Grupo_Impl">G1</SimpleData>
            <SimpleData name="Grupo_de_P">Lote 1-P3-XX-XX-XX</SimpleData>
            <SimpleData name="Jornales">0.00000000000</SimpleData>
            <SimpleData name="Monto">0.00000000000</SimpleData>
            <SimpleData name="Estado_del">Activo</SimpleData>
            <SimpleData name="Empresa">Hyh Consultores SRL</SimpleData>
            <SimpleData name="Lote">Lote 1</SimpleData>
            <SimpleData name="Fecha_de_M">-</SimpleData>
            <SimpleData name="F__de_pren">-</SimpleData>
            <SimpleData name="Estado_FAO">Monitorear</SimpleData>
            <SimpleData name="Etapa_de_i">Mantenimiento A?o 1.2</SimpleData>
            <SimpleData name="Fecha_visi">2026/09/15</SimpleData>
            <SimpleData name="Cumple_sup">Si</SimpleData>
            <SimpleData name="Estado_mon">-</SimpleData>
            <SimpleData name="Situaci_12">-</SimpleData>
            <SimpleData name="Dias_trans">5.35976851852</SimpleData>
            <SimpleData name="Prioridad">ALTA</SimpleData>
          </SchemaData>
        </ExtendedData>
        <Polygon>
          <outerBoundaryIs>
            <LinearRing>
              <coordinates>
                -56.1476419998447,-24.3274295007777,0
                -56.1476299998433,-24.3282210997376,0
                -56.1484824007646,-24.3282005004058,0
                -56.1484913005282,-24.3274069999506,0
                -56.1476419998447,-24.3274295007777,0
              </coordinates>
            </LinearRing>
          </outerBoundaryIs>
        </Polygon>
      </Placemark>
      <Placemark id="Distrito_GUAYAIBI.12">
        <ExtendedData>
          <SchemaData schemaUrl="#Distrito_GUAYAIBI.schema">
            <SimpleData name="Cédula">4593295.00000000000</SimpleData>
            <SimpleData name="cedula">4593295</SimpleData>
            <SimpleData name="N_">1613.00000000000</SimpleData>
            <SimpleData name="Nombres_y_">MAXIMO CHAVEZ MARTINEZ</SimpleData>
            <SimpleData name="Sexo">Hombre</SimpleData>
            <SimpleData name="Cambio_de_">NO</SimpleData>
            <SimpleData name="Titular_se">NO</SimpleData>
            <SimpleData name="Situación">NO</SimpleData>
            <SimpleData name="Comunidad">Campesina</SimpleData>
            <SimpleData name="Modelo_imp">Modelo 5</SimpleData>
            <SimpleData name="Departamen">SAN PEDRO</SimpleData>
            <SimpleData name="Distrito">GUAYAIBI</SimpleData>
            <SimpleData name="Localidad">15 DE ABRIL</SimpleData>
            <SimpleData name="Teléfono">982041691</SimpleData>
            <SimpleData name="Vivienda_L">-24.51996980000</SimpleData>
            <SimpleData name="Vivienda_1">-56.21361260000</SimpleData>
            <SimpleData name="Superficie">0.70000000000</SimpleData>
            <SimpleData name="Situaci_1">Pol?gono</SimpleData>
            <SimpleData name="Plantado">Si</SimpleData>
            <SimpleData name="Parcela_La">-24.51815034000</SimpleData>
            <SimpleData name="Parcela_Lo">-56.21080129000</SimpleData>
            <SimpleData name="Grupo_Impl">G1</SimpleData>
            <SimpleData name="Grupo_de_P">Lote 1-P1-XX-XX-XX</SimpleData>
            <SimpleData name="Jornales">0.00000000000</SimpleData>
            <SimpleData name="Monto">0.00000000000</SimpleData>
            <SimpleData name="Estado_del">Activo</SimpleData>
            <SimpleData name="Empresa">Hyh Consultores SRL</SimpleData>
            <SimpleData name="Lote">Lote 1</SimpleData>
            <SimpleData name="Fecha_de_M">-</SimpleData>
            <SimpleData name="F__de_pren">-</SimpleData>
            <SimpleData name="Estado_FAO">Monitorear</SimpleData>
            <SimpleData name="Etapa_de_i">Mantenimiento A?o 1.2</SimpleData>
            <SimpleData name="Fecha_visi">2026/09/09</SimpleData>
            <SimpleData name="Cumple_sup">Si</SimpleData>
            <SimpleData name="Estado_mon">-</SimpleData>
            <SimpleData name="Situaci_12">-</SimpleData>
            <SimpleData name="Dias_trans">11.57457175930</SimpleData>
            <SimpleData name="Prioridad">ALTA</SimpleData>
          </SchemaData>
        </ExtendedData>
        <Polygon>
          <outerBoundaryIs>
            <LinearRing>
              <coordinates>
                -56.2101952005926,-24.5179721007612,0
                -56.2109128994159,-24.5187236997676,0
                -56.2114141005208,-24.5182790009569,0
                -56.2106578000307,-24.5175946006255,0
                -56.2101952005926,-24.5179721007612,0
              </coordinates>
            </LinearRing>
          </outerBoundaryIs>
        </Polygon>
      </Placemark>
      <Placemark id="Distrito_GUAYAIBI.13">
        <ExtendedData>
          <SchemaData schemaUrl="#Distrito_GUAYAIBI.schema">
            <SimpleData name="Cédula">6864453.00000000000</SimpleData>
            <SimpleData name="cedula">6864453</SimpleData>
            <SimpleData name="N_">1572.00000000000</SimpleData>
            <SimpleData name="Nombres_y_">WILFRIDO BOGADO ORTELLADO</SimpleData>
            <SimpleData name="Sexo">Hombre</SimpleData>
            <SimpleData name="Cambio_de_">NO</SimpleData>
            <SimpleData name="Titular_se">NO</SimpleData>
            <SimpleData name="Situación">NO</SimpleData>
            <SimpleData name="Comunidad">Campesina</SimpleData>
            <SimpleData name="Modelo_imp">Modelo 5</SimpleData>
            <SimpleData name="Departamen">SAN PEDRO</SimpleData>
            <SimpleData name="Distrito">GUAYAIBI</SimpleData>
            <SimpleData name="Localidad">LUZ BELLA SAN LUIS</SimpleData>
            <SimpleData name="Teléfono">0986558521</SimpleData>
            <SimpleData name="Vivienda_L">-24.31282620000</SimpleData>
            <SimpleData name="Vivienda_1">-56.17409530000</SimpleData>
            <SimpleData name="Superficie">0.70000000000</SimpleData>
            <SimpleData name="Situaci_1">Pol?gono</SimpleData>
            <SimpleData name="Plantado">Si</SimpleData>
            <SimpleData name="Parcela_La">-24.31289635000</SimpleData>
            <SimpleData name="Parcela_Lo">-56.17010046000</SimpleData>
            <SimpleData name="Grupo_Impl">G1</SimpleData>
            <SimpleData name="Grupo_de_P">Lote 1-P2-XX-XX-XX</SimpleData>
            <SimpleData name="Jornales">0.00000000000</SimpleData>
            <SimpleData name="Monto">0.00000000000</SimpleData>
            <SimpleData name="Estado_del">Activo</SimpleData>
            <SimpleData name="Empresa">Hyh Consultores SRL</SimpleData>
            <SimpleData name="Lote">Lote 1</SimpleData>
            <SimpleData name="Fecha_de_M">-</SimpleData>
            <SimpleData name="F__de_pren">-</SimpleData>
            <SimpleData name="Estado_FAO">Monitorear</SimpleData>
            <SimpleData name="Etapa_de_i">Mantenimiento A?o 1.2</SimpleData>
            <SimpleData name="Fecha_visi">2026/09/11</SimpleData>
            <SimpleData name="Cumple_sup">Si</SimpleData>
            <SimpleData name="Estado_mon">-</SimpleData>
            <SimpleData name="Situaci_12">-</SimpleData>
            <SimpleData name="Dias_trans">9.21174768519</SimpleData>
            <SimpleData name="Prioridad">ALTA</SimpleData>
          </SchemaData>
        </ExtendedData>
        <Polygon>
          <outerBoundaryIs>
            <LinearRing>
              <coordinates>
                -56.1707701611383,-24.3131168555327,0
                -56.1708614060609,-24.3131117453703,0
                -56.1708623003413,-24.3126646996666,0
                -56.1693849016095,-24.3126478983761,0
                -56.1693532997035,-24.3131550002081,0
                -56.1707701611383,-24.3131168555327,0
              </coordinates>
            </LinearRing>
          </outerBoundaryIs>
        </Polygon>
      </Placemark>
      <Placemark id="Distrito_GUAYAIBI.14">
        <ExtendedData>
          <SchemaData schemaUrl="#Distrito_GUAYAIBI.schema">
            <SimpleData name="Cédula">5798957.00000000000</SimpleData>
            <SimpleData name="cedula">5798957</SimpleData>
            <SimpleData name="N_">1607.00000000000</SimpleData>
            <SimpleData name="Nombres_y_">TOMASA VENIALGO ALFONZO</SimpleData>
            <SimpleData name="Sexo">Mujer</SimpleData>
            <SimpleData name="Cambio_de_">NO</SimpleData>
            <SimpleData name="Titular_se">NO</SimpleData>
            <SimpleData name="Situación">NO</SimpleData>
            <SimpleData name="Comunidad">Campesina</SimpleData>
            <SimpleData name="Modelo_imp">Modelo 4</SimpleData>
            <SimpleData name="Departamen">SAN PEDRO</SimpleData>
            <SimpleData name="Distrito">GUAYAIBI</SimpleData>
            <SimpleData name="Localidad">NARANJA JAI</SimpleData>
            <SimpleData name="Teléfono">0982524481</SimpleData>
            <SimpleData name="Vivienda_L">-24.52022510000</SimpleData>
            <SimpleData name="Vivienda_1">-56.35029440000</SimpleData>
            <SimpleData name="Superficie">0.70000000000</SimpleData>
            <SimpleData name="Situaci_1">Pol?gono</SimpleData>
            <SimpleData name="Plantado">Si</SimpleData>
            <SimpleData name="Parcela_La">-24.51412317000</SimpleData>
            <SimpleData name="Parcela_Lo">-56.35674126000</SimpleData>
            <SimpleData name="Grupo_Impl">G1</SimpleData>
            <SimpleData name="Grupo_de_P">Lote 1-P2-XX-XX-XX</SimpleData>
            <SimpleData name="Jornales">0.00000000000</SimpleData>
            <SimpleData name="Monto">0.00000000000</SimpleData>
            <SimpleData name="Estado_del">Activo</SimpleData>
            <SimpleData name="Empresa">Hyh Consultores SRL</SimpleData>
            <SimpleData name="Lote">Lote 1</SimpleData>
            <SimpleData name="Fecha_de_M">-</SimpleData>
            <SimpleData name="F__de_pren">-</SimpleData>
            <SimpleData name="Estado_FAO">Monitorear</SimpleData>
            <SimpleData name="Etapa_de_i">Mantenimiento A?o 1.2</SimpleData>
            <SimpleData name="Fecha_visi">2026/09/08</SimpleData>
            <SimpleData name="Cumple_sup">Si</SimpleData>
            <SimpleData name="Estado_mon">-</SimpleData>
            <SimpleData name="Situaci_12">-</SimpleData>
            <SimpleData name="Dias_trans">12.19427083330</SimpleData>
            <SimpleData name="Prioridad">ALTA</SimpleData>
          </SchemaData>
        </ExtendedData>
        <Polygon>
          <outerBoundaryIs>
            <LinearRing>
              <coordinates>
                -56.3563919001075,-24.5138071012339,0
                -56.356549501036,-24.5147658001696,0
                -56.3571483006606,-24.5145583001694,0
                -56.3568037994981,-24.5133213005175,0
                -56.3563919001075,-24.5138071012339,0
              </coordinates>
            </LinearRing>
          </outerBoundaryIs>
        </Polygon>
      </Placemark>
      <Placemark id="Distrito_GUAYAIBI.15">
        <ExtendedData>
          <SchemaData schemaUrl="#Distrito_GUAYAIBI.schema">
            <SimpleData name="Cédula">5836644.00000000000</SimpleData>
            <SimpleData name="cedula">5836644</SimpleData>
            <SimpleData name="N_">1503.00000000000</SimpleData>
            <SimpleData name="Nombres_y_">MERCEDES CAJE ESCURRA</SimpleData>
            <SimpleData name="Sexo">Mujer</SimpleData>
            <SimpleData name="Cambio_de_">NO</SimpleData>
            <SimpleData name="Titular_se">NO</SimpleData>
            <SimpleData name="Situación">NO</SimpleData>
            <SimpleData name="Comunidad">Campesina</SimpleData>
            <SimpleData name="Modelo_imp">Modelo 5</SimpleData>
            <SimpleData name="Departamen">SAN PEDRO</SimpleData>
            <SimpleData name="Distrito">GUAYAIBI</SimpleData>
            <SimpleData name="Localidad">URBANO</SimpleData>
            <SimpleData name="Teléfono">0993438392</SimpleData>
            <SimpleData name="Vivienda_L">-24.53005570000</SimpleData>
            <SimpleData name="Vivienda_1">-56.39778520000</SimpleData>
            <SimpleData name="Superficie">0.70000000000</SimpleData>
            <SimpleData name="Situaci_1">Pol?gono</SimpleData>
            <SimpleData name="Plantado">Si</SimpleData>
            <SimpleData name="Parcela_La">-24.52337316000</SimpleData>
            <SimpleData name="Parcela_Lo">-56.39859935000</SimpleData>
            <SimpleData name="Grupo_Impl">G1</SimpleData>
            <SimpleData name="Grupo_de_P">Lote 1-P1-XX-XX-XX</SimpleData>
            <SimpleData name="Jornales">0.00000000000</SimpleData>
            <SimpleData name="Monto">0.00000000000</SimpleData>
            <SimpleData name="Estado_del">Activo</SimpleData>
            <SimpleData name="Empresa">Hyh Consultores SRL</SimpleData>
            <SimpleData name="Lote">Lote 1</SimpleData>
            <SimpleData name="Fecha_de_M">-</SimpleData>
            <SimpleData name="F__de_pren">-</SimpleData>
            <SimpleData name="Estado_FAO">Monitorear</SimpleData>
            <SimpleData name="Etapa_de_i">Mantenimiento A?o 1.2</SimpleData>
            <SimpleData name="Fecha_visi">2026/09/09</SimpleData>
            <SimpleData name="Cumple_sup">Si</SimpleData>
            <SimpleData name="Estado_mon">-</SimpleData>
            <SimpleData name="Situaci_12">-</SimpleData>
            <SimpleData name="Dias_trans">11.50841435180</SimpleData>
            <SimpleData name="Prioridad">ALTA</SimpleData>
          </SchemaData>
        </ExtendedData>
        <Polygon>
          <outerBoundaryIs>
            <LinearRing>
              <coordinates>
                -56.3981016002457,-24.5237073009522,0
                -56.3989749997054,-24.523848301044,0
                -56.39908330044,-24.5229515998523,0
                -56.398171400458,-24.5229872994757,0
                -56.3981016002457,-24.5237073009522,0
              </coordinates>
            </LinearRing>
          </outerBoundaryIs>
        </Polygon>
      </Placemark>
      <Placemark id="Distrito_GUAYAIBI.16">
        <ExtendedData>
          <SchemaData schemaUrl="#Distrito_GUAYAIBI.schema">
            <SimpleData name="Cédula">3401110.00000000000</SimpleData>
            <SimpleData name="cedula">3401110</SimpleData>
            <SimpleData name="N_">1548.00000000000</SimpleData>
            <SimpleData name="Nombres_y_">ROSALINA PERALTA JARA</SimpleData>
            <SimpleData name="Sexo">Mujer</SimpleData>
            <SimpleData name="Cambio_de_">NO</SimpleData>
            <SimpleData name="Titular_se">NO</SimpleData>
            <SimpleData name="Situación">NO</SimpleData>
            <SimpleData name="Comunidad">Campesina</SimpleData>
            <SimpleData name="Modelo_imp">Modelo 5</SimpleData>
            <SimpleData name="Departamen">SAN PEDRO</SimpleData>
            <SimpleData name="Distrito">GUAYAIBI</SimpleData>
            <SimpleData name="Localidad">NARANJA JAI</SimpleData>
            <SimpleData name="Teléfono">0983256420</SimpleData>
            <SimpleData name="Vivienda_L">-24.48719730000</SimpleData>
            <SimpleData name="Vivienda_1">-56.30589060000</SimpleData>
            <SimpleData name="Superficie">0.70000000000</SimpleData>
            <SimpleData name="Situaci_1">Pol?gono</SimpleData>
            <SimpleData name="Plantado">Si</SimpleData>
            <SimpleData name="Parcela_La">-24.48772628000</SimpleData>
            <SimpleData name="Parcela_Lo">-56.30454930000</SimpleData>
            <SimpleData name="Grupo_Impl">G1</SimpleData>
            <SimpleData name="Grupo_de_P">Lote 1-P2-XX-XX-XX</SimpleData>
            <SimpleData name="Jornales">0.00000000000</SimpleData>
            <SimpleData name="Monto">0.00000000000</SimpleData>
            <SimpleData name="Estado_del">Activo</SimpleData>
            <SimpleData name="Empresa">Hyh Consultores SRL</SimpleData>
            <SimpleData name="Lote">Lote 1</SimpleData>
            <SimpleData name="Fecha_de_M">-</SimpleData>
            <SimpleData name="F__de_pren">-</SimpleData>
            <SimpleData name="Estado_FAO">Monitorear</SimpleData>
            <SimpleData name="Etapa_de_i">Mantenimiento A?o 1.2</SimpleData>
            <SimpleData name="Fecha_visi">2026/09/09</SimpleData>
            <SimpleData name="Cumple_sup">Si</SimpleData>
            <SimpleData name="Estado_mon">-</SimpleData>
            <SimpleData name="Situaci_12">-</SimpleData>
            <SimpleData name="Dias_trans">11.41614583330</SimpleData>
            <SimpleData name="Prioridad">ALTA</SimpleData>
          </SchemaData>
        </ExtendedData>
        <Polygon>
          <outerBoundaryIs>
            <LinearRing>
              <coordinates>
                -56.3037421017547,-24.4878648014615,0
                -56.3039373995415,-24.488255200351,0
                -56.3053722986805,-24.4875759011404,0
                -56.3051493006617,-24.4872040008719,0
                -56.3037421017547,-24.4878648014615,0
              </coordinates>
            </LinearRing>
          </outerBoundaryIs>
        </Polygon>
      </Placemark>
      <Placemark id="Distrito_GUAYAIBI.17">
        <ExtendedData>
          <SchemaData schemaUrl="#Distrito_GUAYAIBI.schema">
            <SimpleData name="Cédula">6665573.00000000000</SimpleData>
            <SimpleData name="cedula">6665573</SimpleData>
            <SimpleData name="N_">1519.00000000000</SimpleData>
            <SimpleData name="Nombres_y_">MERCEDES CHAVEZ LOPEZ</SimpleData>
            <SimpleData name="Sexo">Mujer</SimpleData>
            <SimpleData name="Cambio_de_">NO</SimpleData>
            <SimpleData name="Titular_se">NO</SimpleData>
            <SimpleData name="Situación">NO</SimpleData>
            <SimpleData name="Comunidad">Campesina</SimpleData>
            <SimpleData name="Modelo_imp">Modelo 1</SimpleData>
            <SimpleData name="Departamen">SAN PEDRO</SimpleData>
            <SimpleData name="Distrito">GUAYAIBI</SimpleData>
            <SimpleData name="Localidad">SAN FRANCISCO</SimpleData>
            <SimpleData name="Teléfono">0982544710</SimpleData>
            <SimpleData name="Vivienda_L">-24.22538160000</SimpleData>
            <SimpleData name="Vivienda_1">-56.17661480000</SimpleData>
            <SimpleData name="Superficie">0.80000000000</SimpleData>
            <SimpleData name="Situaci_1">Pol?gono</SimpleData>
            <SimpleData name="Plantado">Si</SimpleData>
            <SimpleData name="Parcela_La">-24.22506622000</SimpleData>
            <SimpleData name="Parcela_Lo">-56.18760607000</SimpleData>
            <SimpleData name="Grupo_Impl">G1</SimpleData>
            <SimpleData name="Grupo_de_P">Lote 1-P3-XX-XX-XX</SimpleData>
            <SimpleData name="Jornales">0.00000000000</SimpleData>
            <SimpleData name="Monto">0.00000000000</SimpleData>
            <SimpleData name="Estado_del">Activo</SimpleData>
            <SimpleData name="Empresa">Hyh Consultores SRL</SimpleData>
            <SimpleData name="Lote">Lote 1</SimpleData>
            <SimpleData name="Fecha_de_M">-</SimpleData>
            <SimpleData name="F__de_pren">-</SimpleData>
            <SimpleData name="Estado_FAO">Verificar posible desercion</SimpleData>
            <SimpleData name="Etapa_de_i">Mantenimiento A?o 1.2</SimpleData>
            <SimpleData name="Fecha_visi">2026/09/15</SimpleData>
            <SimpleData name="Cumple_sup">Si</SimpleData>
            <SimpleData name="Estado_mon">-</SimpleData>
            <SimpleData name="Situaci_12">-</SimpleData>
            <SimpleData name="Observaci">Conflicto de tierra familiar;;La parcela cela se encuentra muy poco cuidada, en el comienzo un t?o les presto parte de su tierra y ya que no cuidan el uso otra vez su parte.</SimpleData>
            <SimpleData name="Dias_trans">5.49432435185</SimpleData>
            <SimpleData name="Prioridad">ALTA</SimpleData>
          </SchemaData>
        </ExtendedData>
        <Polygon>
          <outerBoundaryIs>
            <LinearRing>
              <coordinates>
                -56.1867935997614,-24.2252818996925,0
                -56.1884479992124,-24.22530349922,0
                -56.1884273001313,-24.2248580000398,0
                -56.186773300185,-24.2248216993984,0
                -56.1867935997614,-24.2252818996925,0
              </coordinates>
            </LinearRing>
          </outerBoundaryIs>
        </Polygon>
      </Placemark>
      <Placemark id="Distrito_GUAYAIBI.18">
        <ExtendedData>
          <SchemaData schemaUrl="#Distrito_GUAYAIBI.schema">
            <SimpleData name="Cédula">7960311.00000000000</SimpleData>
            <SimpleData name="cedula">7960311</SimpleData>
            <SimpleData name="N_">1582.00000000000</SimpleData>
            <SimpleData name="Nombres_y_">LIZ PAOLA IBA?EZ CUBILLA</SimpleData>
            <SimpleData name="Sexo">Mujer</SimpleData>
            <SimpleData name="Cambio_de_">NO</SimpleData>
            <SimpleData name="Titular_se">NO</SimpleData>
            <SimpleData name="Situación">NO</SimpleData>
            <SimpleData name="Comunidad">Campesina</SimpleData>
            <SimpleData name="Modelo_imp">Modelo 5</SimpleData>
            <SimpleData name="Departamen">SAN PEDRO</SimpleData>
            <SimpleData name="Distrito">GUAYAIBI</SimpleData>
            <SimpleData name="Localidad">LUZ BELLA SAN LUIS</SimpleData>
            <SimpleData name="Teléfono">0986160979</SimpleData>
            <SimpleData name="Vivienda_L">-24.31031150000</SimpleData>
            <SimpleData name="Vivienda_1">-56.17393140000</SimpleData>
            <SimpleData name="Superficie">0.70000000000</SimpleData>
            <SimpleData name="Situaci_1">Pol?gono</SimpleData>
            <SimpleData name="Plantado">Si</SimpleData>
            <SimpleData name="Parcela_La">-24.30998218000</SimpleData>
            <SimpleData name="Parcela_Lo">-56.17276419000</SimpleData>
            <SimpleData name="Grupo_Impl">G1</SimpleData>
            <SimpleData name="Grupo_de_P">Lote 1-P3-XX-XX-XX</SimpleData>
            <SimpleData name="Jornales">0.00000000000</SimpleData>
            <SimpleData name="Monto">0.00000000000</SimpleData>
            <SimpleData name="Estado_del">Activo</SimpleData>
            <SimpleData name="Empresa">Hyh Consultores SRL</SimpleData>
            <SimpleData name="Lote">Lote 1</SimpleData>
            <SimpleData name="Fecha_de_M">-</SimpleData>
            <SimpleData name="F__de_pren">-</SimpleData>
            <SimpleData name="Estado_FAO">Monitorear</SimpleData>
            <SimpleData name="Etapa_de_i">Mantenimiento A?o 1.2</SimpleData>
            <SimpleData name="Fecha_visi">2026/09/11</SimpleData>
            <SimpleData name="Cumple_sup">Si</SimpleData>
            <SimpleData name="Estado_mon">-</SimpleData>
            <SimpleData name="Situaci_12">-</SimpleData>
            <SimpleData name="Dias_trans">9.39314814815</SimpleData>
            <SimpleData name="Prioridad">ALTA</SimpleData>
          </SchemaData>
        </ExtendedData>
        <Polygon>
          <outerBoundaryIs>
            <LinearRing>
              <coordinates>
                -56.1719859999358,-24.3101595000018,0
                -56.1735700002118,-24.3101710005625,0
                -56.1736015004116,-24.3098340996361,0
                -56.1719761995714,-24.3097692007558,0
                -56.1719859999358,-24.3101595000018,0
              </coordinates>
            </LinearRing>
          </outerBoundaryIs>
        </Polygon>
      </Placemark>
      <Placemark id="Distrito_GUAYAIBI.19">
        <ExtendedData>
          <SchemaData schemaUrl="#Distrito_GUAYAIBI.schema">
            <SimpleData name="Cédula">4598352.00000000000</SimpleData>
            <SimpleData name="cedula">4598352</SimpleData>
            <SimpleData name="N_">1507.00000000000</SimpleData>
            <SimpleData name="Nombres_y_">SUSANA MARTINEZ LOPEZ</SimpleData>
            <SimpleData name="Sexo">Mujer</SimpleData>
            <SimpleData name="Cambio_de_">NO</SimpleData>
            <SimpleData name="Titular_se">NO</SimpleData>
            <SimpleData name="Situación">NO</SimpleData>
            <SimpleData name="Comunidad">Campesina</SimpleData>
            <SimpleData name="Modelo_imp">Modelo 5</SimpleData>
            <SimpleData name="Departamen">SAN PEDRO</SimpleData>
            <SimpleData name="Distrito">GUAYAIBI</SimpleData>
            <SimpleData name="Localidad">ASENT. 7 DE ABRIL LUZ BELLA</SimpleData>
            <SimpleData name="Teléfono">0986790390</SimpleData>
            <SimpleData name="Vivienda_L">-24.23228550000</SimpleData>
            <SimpleData name="Vivienda_1">-56.17859440000</SimpleData>
            <SimpleData name="Superficie">0.70000000000</SimpleData>
            <SimpleData name="Situaci_1">Pol?gono</SimpleData>
            <SimpleData name="Plantado">Si</SimpleData>
            <SimpleData name="Parcela_La">-24.23197206000</SimpleData>
            <SimpleData name="Parcela_Lo">-56.18140634000</SimpleData>
            <SimpleData name="Grupo_Impl">G1</SimpleData>
            <SimpleData name="Grupo_de_P">Lote 1-P2-XX-XX-XX</SimpleData>
            <SimpleData name="Jornales">0.00000000000</SimpleData>
            <SimpleData name="Monto">0.00000000000</SimpleData>
            <SimpleData name="Estado_del">Activo</SimpleData>
            <SimpleData name="Empresa">Hyh Consultores SRL</SimpleData>
            <SimpleData name="Lote">Lote 1</SimpleData>
            <SimpleData name="Fecha_de_M">-</SimpleData>
            <SimpleData name="F__de_pren">-</SimpleData>
            <SimpleData name="Estado_FAO">Monitorear</SimpleData>
            <SimpleData name="Etapa_de_i">Mantenimiento A?o 1.2</SimpleData>
            <SimpleData name="Fecha_visi">2026/09/12</SimpleData>
            <SimpleData name="Cumple_sup">Si</SimpleData>
            <SimpleData name="Estado_mon">-</SimpleData>
            <SimpleData name="Situaci_12">-</SimpleData>
            <SimpleData name="Dias_trans">8.04534722222</SimpleData>
            <SimpleData name="Prioridad">ALTA</SimpleData>
          </SchemaData>
        </ExtendedData>
        <Polygon>
          <outerBoundaryIs>
            <LinearRing>
              <coordinates>
                -56.1805755003874,-24.231814500247,0
                -56.180587899668,-24.2322034986964,0
                -56.1822278991387,-24.2321325996168,0
                -56.1822282998097,-24.2317388995696,0
                -56.1805755003874,-24.231814500247,0
              </coordinates>
            </LinearRing>
          </outerBoundaryIs>
        </Polygon>
      </Placemark>
      <Placemark id="Distrito_GUAYAIBI.20">
        <ExtendedData>
          <SchemaData schemaUrl="#Distrito_GUAYAIBI.schema">
            <SimpleData name="Cédula">6949534.00000000000</SimpleData>
            <SimpleData name="cedula">6949534</SimpleData>
            <SimpleData name="N_">1611.00000000000</SimpleData>
            <SimpleData name="Nombres_y_">NANCY BENITEZ MACIEL</SimpleData>
            <SimpleData name="Sexo">Mujer</SimpleData>
            <SimpleData name="Cambio_de_">NO</SimpleData>
            <SimpleData name="Titular_se">NO</SimpleData>
            <SimpleData name="Situación">NO</SimpleData>
            <SimpleData name="Comunidad">Campesina</SimpleData>
            <SimpleData name="Modelo_imp">Modelo 1</SimpleData>
            <SimpleData name="Departamen">SAN PEDRO</SimpleData>
            <SimpleData name="Distrito">GUAYAIBI</SimpleData>
            <SimpleData name="Localidad">PRIMAVERA</SimpleData>
            <SimpleData name="Teléfono">0986469293</SimpleData>
            <SimpleData name="Vivienda_L">-24.45790650000</SimpleData>
            <SimpleData name="Vivienda_1">-56.18703270000</SimpleData>
            <SimpleData name="Superficie">0.80000000000</SimpleData>
            <SimpleData name="Situaci_1">Pol?gono</SimpleData>
            <SimpleData name="Plantado">Si</SimpleData>
            <SimpleData name="Parcela_La">-24.45838525000</SimpleData>
            <SimpleData name="Parcela_Lo">-56.18991101000</SimpleData>
            <SimpleData name="Grupo_Impl">G1</SimpleData>
            <SimpleData name="Grupo_de_P">Lote 1-P1-XX-XX-XX</SimpleData>
            <SimpleData name="Jornales">0.00000000000</SimpleData>
            <SimpleData name="Monto">0.00000000000</SimpleData>
            <SimpleData name="Estado_del">Activo</SimpleData>
            <SimpleData name="Empresa">Hyh Consultores SRL</SimpleData>
            <SimpleData name="Lote">Lote 1</SimpleData>
            <SimpleData name="Fecha_de_M">-</SimpleData>
            <SimpleData name="F__de_pren">-</SimpleData>
            <SimpleData name="Estado_FAO">Monitorear</SimpleData>
            <SimpleData name="Etapa_de_i">Mantenimiento A?o 1.2</SimpleData>
            <SimpleData name="Fecha_visi">2026/09/02</SimpleData>
            <SimpleData name="Cumple_sup">Si</SimpleData>
            <SimpleData name="Estado_mon">-</SimpleData>
            <SimpleData name="Situaci_12">-</SimpleData>
            <SimpleData name="Dias_trans">18.54209490740</SimpleData>
            <SimpleData name="Prioridad">ALTA</SimpleData>
          </SchemaData>
        </ExtendedData>
        <Polygon>
          <outerBoundaryIs>
            <LinearRing>
              <coordinates>
                -56.1893216996041,-24.4580833011163,0
                -56.1893931992809,-24.4587333996385,0
                -56.1904933996646,-24.4587033005557,0
                -56.1904183997426,-24.4580217011073,0
                -56.1893216996041,-24.4580833011163,0
              </coordinates>
            </LinearRing>
          </outerBoundaryIs>
        </Polygon>
      </Placemark>
      <Placemark id="Distrito_GUAYAIBI.21">
        <ExtendedData>
          <SchemaData schemaUrl="#Distrito_GUAYAIBI.schema">
            <SimpleData name="Cédula">5584471.00000000000</SimpleData>
            <SimpleData name="cedula">5584471</SimpleData>
            <SimpleData name="N_">1551.00000000000</SimpleData>
            <SimpleData name="Nombres_y_">AURELIA GALEANO CHAVEZ</SimpleData>
            <SimpleData name="Sexo">Mujer</SimpleData>
            <SimpleData name="Cambio_de_">NO</SimpleData>
            <SimpleData name="Titular_se">NO</SimpleData>
            <SimpleData name="Situación">NO</SimpleData>
            <SimpleData name="Comunidad">Campesina</SimpleData>
            <SimpleData name="Modelo_imp">Modelo 3</SimpleData>
            <SimpleData name="Departamen">SAN PEDRO</SimpleData>
            <SimpleData name="Distrito">GUAYAIBI</SimpleData>
            <SimpleData name="Localidad">BARRIO SAN FRANCISCO (COLONIA LUZ BELLA)</SimpleData>
            <SimpleData name="Teléfono">0982785243</SimpleData>
            <SimpleData name="Vivienda_L">-24.20208350000</SimpleData>
            <SimpleData name="Vivienda_1">-56.16103590000</SimpleData>
            <SimpleData name="Superficie">1.00000000000</SimpleData>
            <SimpleData name="Situaci_1">Pol?gono</SimpleData>
            <SimpleData name="Plantado">Si</SimpleData>
            <SimpleData name="Parcela_La">-24.20242210000</SimpleData>
            <SimpleData name="Parcela_Lo">-56.16150209000</SimpleData>
            <SimpleData name="Grupo_Impl">G1</SimpleData>
            <SimpleData name="Grupo_de_P">Lote 1-P2-XX-XX-XX</SimpleData>
            <SimpleData name="Jornales">0.00000000000</SimpleData>
            <SimpleData name="Monto">0.00000000000</SimpleData>
            <SimpleData name="Estado_del">Activo</SimpleData>
            <SimpleData name="Empresa">Hyh Consultores SRL</SimpleData>
            <SimpleData name="Lote">Lote 1</SimpleData>
            <SimpleData name="Fecha_de_M">-</SimpleData>
            <SimpleData name="F__de_pren">-</SimpleData>
            <SimpleData name="Estado_FAO">Monitorear</SimpleData>
            <SimpleData name="Etapa_de_i">Mantenimiento A?o 1.2</SimpleData>
            <SimpleData name="Fecha_visi">2026/09/16</SimpleData>
            <SimpleData name="Cumple_sup">Si</SimpleData>
            <SimpleData name="Estado_mon">-</SimpleData>
            <SimpleData name="Situaci_12">-</SimpleData>
            <SimpleData name="Dias_trans">4.19396990741</SimpleData>
            <SimpleData name="Prioridad">ALTA</SimpleData>
          </SchemaData>
        </ExtendedData>
        <Polygon>
          <outerBoundaryIs>
            <LinearRing>
              <coordinates>
                -56.159891800181,-24.2021148010954,0
                -56.1614836991926,-24.202872399976,0
                -56.162548499537,-24.2027964996366,0
                -56.1625859000628,-24.2021874015263,0
                -56.160624499893,-24.2020513991473,0
                -56.159891800181,-24.2021148010954,0
              </coordinates>
            </LinearRing>
          </outerBoundaryIs>
        </Polygon>
      </Placemark>
      <Placemark id="Distrito_GUAYAIBI.22">
        <ExtendedData>
          <SchemaData schemaUrl="#Distrito_GUAYAIBI.schema">
            <SimpleData name="Cédula">5237725.00000000000</SimpleData>
            <SimpleData name="cedula">5237725</SimpleData>
            <SimpleData name="N_">1489.00000000000</SimpleData>
            <SimpleData name="Nombres_y_">FATIMA CAROLINA GARCETE</SimpleData>
            <SimpleData name="Sexo">Mujer</SimpleData>
            <SimpleData name="Cambio_de_">NO</SimpleData>
            <SimpleData name="Titular_se">NO</SimpleData>
            <SimpleData name="Situación">NO</SimpleData>
            <SimpleData name="Comunidad">Campesina</SimpleData>
            <SimpleData name="Modelo_imp">Modelo 4</SimpleData>
            <SimpleData name="Departamen">SAN PEDRO</SimpleData>
            <SimpleData name="Distrito">GUAYAIBI</SimpleData>
            <SimpleData name="Localidad">CALLE 2000</SimpleData>
            <SimpleData name="Teléfono">976427332</SimpleData>
            <SimpleData name="Vivienda_L">-24.54880020000</SimpleData>
            <SimpleData name="Vivienda_1">-56.37203670000</SimpleData>
            <SimpleData name="Superficie">0.70000000000</SimpleData>
            <SimpleData name="Situaci_1">Pol?gono</SimpleData>
            <SimpleData name="Plantado">Si</SimpleData>
            <SimpleData name="Parcela_La">-24.53970004000</SimpleData>
            <SimpleData name="Parcela_Lo">-56.37295730000</SimpleData>
            <SimpleData name="Grupo_Impl">G1</SimpleData>
            <SimpleData name="Grupo_de_P">Lote 1-P3-XX-XX-XX</SimpleData>
            <SimpleData name="Jornales">0.00000000000</SimpleData>
            <SimpleData name="Monto">0.00000000000</SimpleData>
            <SimpleData name="Estado_del">Activo</SimpleData>
            <SimpleData name="Empresa">Hyh Consultores SRL</SimpleData>
            <SimpleData name="Lote">Lote 1</SimpleData>
            <SimpleData name="Fecha_de_M">-</SimpleData>
            <SimpleData name="F__de_pren">-</SimpleData>
            <SimpleData name="Estado_FAO">Monitorear</SimpleData>
            <SimpleData name="Etapa_de_i">Mantenimiento A?o 1.2</SimpleData>
            <SimpleData name="Fecha_visi">2026/09/08</SimpleData>
            <SimpleData name="Cumple_sup">Si</SimpleData>
            <SimpleData name="Estado_mon">-</SimpleData>
            <SimpleData name="Situaci_12">-</SimpleData>
            <SimpleData name="Dias_trans">12.33128472220</SimpleData>
            <SimpleData name="Prioridad">ALTA</SimpleData>
          </SchemaData>
        </ExtendedData>
        <Polygon>
          <outerBoundaryIs>
            <LinearRing>
              <coordinates>
                -56.3728222998466,-24.5389882006505,0
                -56.3727083007626,-24.5404366994939,0
                -56.3730710995598,-24.540414500152,0
                -56.3732266999006,-24.5390182997735,0
                -56.3728222998466,-24.5389882006505,0
              </coordinates>
            </LinearRing>
          </outerBoundaryIs>
        </Polygon>
      </Placemark>
      <Placemark id="Distrito_GUAYAIBI.23">
        <ExtendedData>
          <SchemaData schemaUrl="#Distrito_GUAYAIBI.schema">
            <SimpleData name="Cédula">5637347.00000000000</SimpleData>
            <SimpleData name="cedula">5637347</SimpleData>
            <SimpleData name="N_">1614.00000000000</SimpleData>
            <SimpleData name="Nombres_y_">ISMAEL BRITEZ ZARACHO</SimpleData>
            <SimpleData name="Sexo">Hombre</SimpleData>
            <SimpleData name="Cambio_de_">NO</SimpleData>
            <SimpleData name="Titular_se">NO</SimpleData>
            <SimpleData name="Situación">NO</SimpleData>
            <SimpleData name="Comunidad">Campesina</SimpleData>
            <SimpleData name="Modelo_imp">Modelo 1</SimpleData>
            <SimpleData name="Departamen">SAN PEDRO</SimpleData>
            <SimpleData name="Distrito">GUAYAIBI</SimpleData>
            <SimpleData name="Localidad">4000 TACUAPI</SimpleData>
            <SimpleData name="Teléfono">985636190</SimpleData>
            <SimpleData name="Vivienda_L">-24.49957480000</SimpleData>
            <SimpleData name="Vivienda_1">-56.21470860000</SimpleData>
            <SimpleData name="Superficie">0.80000000000</SimpleData>
            <SimpleData name="Situaci_1">Pol?gono</SimpleData>
            <SimpleData name="Plantado">Si</SimpleData>
            <SimpleData name="Parcela_La">-24.50086170000</SimpleData>
            <SimpleData name="Parcela_Lo">-56.22144727000</SimpleData>
            <SimpleData name="Grupo_Impl">G1</SimpleData>
            <SimpleData name="Grupo_de_P">Lote 1-P1-XX-XX-XX</SimpleData>
            <SimpleData name="Jornales">0.00000000000</SimpleData>
            <SimpleData name="Monto">0.00000000000</SimpleData>
            <SimpleData name="Estado_del">Activo</SimpleData>
            <SimpleData name="Empresa">Hyh Consultores SRL</SimpleData>
            <SimpleData name="Lote">Lote 1</SimpleData>
            <SimpleData name="Fecha_de_M">-</SimpleData>
            <SimpleData name="F__de_pren">-</SimpleData>
            <SimpleData name="Estado_FAO">Monitorear</SimpleData>
            <SimpleData name="Etapa_de_i">Mantenimiento A?o 1.2</SimpleData>
            <SimpleData name="Fecha_visi">2026/09/01</SimpleData>
            <SimpleData name="Cumple_sup">Si</SimpleData>
            <SimpleData name="Estado_mon">-</SimpleData>
            <SimpleData name="Situaci_12">-</SimpleData>
            <SimpleData name="Dias_trans">19.15508101850</SimpleData>
            <SimpleData name="Prioridad">ALTA</SimpleData>
          </SchemaData>
        </ExtendedData>
        <Polygon>
          <outerBoundaryIs>
            <LinearRing>
              <coordinates>
                -56.2208186011082,-24.5011510001508,0
                -56.221904900205,-24.5013327016801,0
                -56.222074299803,-24.5005655011384,0
                -56.2209851991415,-24.5003965998662,0
                -56.2208186011082,-24.5011510001508,0
              </coordinates>
            </LinearRing>
          </outerBoundaryIs>
        </Polygon>
      </Placemark>
      <Placemark id="Distrito_GUAYAIBI.24">
        <ExtendedData>
          <SchemaData schemaUrl="#Distrito_GUAYAIBI.schema">
            <SimpleData name="Cédula">5741723.00000000000</SimpleData>
            <SimpleData name="cedula">5741723</SimpleData>
            <SimpleData name="N_">1513.00000000000</SimpleData>
            <SimpleData name="Nombres_y_">HERMINIA MARGARITA TORRES CHAVEZ</SimpleData>
            <SimpleData name="Sexo">Mujer</SimpleData>
            <SimpleData name="Cambio_de_">NO</SimpleData>
            <SimpleData name="Titular_se">NO</SimpleData>
            <SimpleData name="Situación">NO</SimpleData>
            <SimpleData name="Comunidad">Campesina</SimpleData>
            <SimpleData name="Modelo_imp">Modelo 3</SimpleData>
            <SimpleData name="Departamen">SAN PEDRO</SimpleData>
            <SimpleData name="Distrito">GUAYAIBI</SimpleData>
            <SimpleData name="Localidad">7 DE ABRIL (COLONIA LUZ BELLA)</SimpleData>
            <SimpleData name="Teléfono">0983154309</SimpleData>
            <SimpleData name="Vivienda_L">-24.22675250000</SimpleData>
            <SimpleData name="Vivienda_1">-56.17684570000</SimpleData>
            <SimpleData name="Superficie">1.00000000000</SimpleData>
            <SimpleData name="Situaci_1">Pol?gono</SimpleData>
            <SimpleData name="Plantado">Si</SimpleData>
            <SimpleData name="Parcela_La">-24.22689519000</SimpleData>
            <SimpleData name="Parcela_Lo">-56.17938896000</SimpleData>
            <SimpleData name="Grupo_Impl">G1</SimpleData>
            <SimpleData name="Grupo_de_P">Lote 1-P2-XX-XX-XX</SimpleData>
            <SimpleData name="Jornales">0.00000000000</SimpleData>
            <SimpleData name="Monto">0.00000000000</SimpleData>
            <SimpleData name="Estado_del">Activo</SimpleData>
            <SimpleData name="Empresa">Hyh Consultores SRL</SimpleData>
            <SimpleData name="Lote">Lote 1</SimpleData>
            <SimpleData name="Fecha_de_M">-</SimpleData>
            <SimpleData name="F__de_pren">-</SimpleData>
            <SimpleData name="Estado_FAO">Monitorear</SimpleData>
            <SimpleData name="Etapa_de_i">Mantenimiento A?o 1.2</SimpleData>
            <SimpleData name="Fecha_visi">2026/09/16</SimpleData>
            <SimpleData name="Cumple_sup">Si</SimpleData>
            <SimpleData name="Estado_mon">-</SimpleData>
            <SimpleData name="Situaci_12">-</SimpleData>
            <SimpleData name="Dias_trans">4.26843750000</SimpleData>
            <SimpleData name="Prioridad">ALTA</SimpleData>
          </SchemaData>
        </ExtendedData>
        <Polygon>
          <outerBoundaryIs>
            <LinearRing>
              <coordinates>
                -56.1781583002414,-24.2267182992739,0
                -56.1780201871715,-24.2271200163051,0
                -56.1808171996975,-24.2270112007571,0
                -56.18085800005,-24.2267227007588,0
                -56.1781583002414,-24.2267182992739,0
              </coordinates>
            </LinearRing>
          </outerBoundaryIs>
        </Polygon>
      </Placemark>
      <Placemark id="Distrito_GUAYAIBI.25">
        <ExtendedData>
          <SchemaData schemaUrl="#Distrito_GUAYAIBI.schema">
            <SimpleData name="Cédula">4947739.00000000000</SimpleData>
            <SimpleData name="cedula">4947739</SimpleData>
            <SimpleData name="N_">1520.00000000000</SimpleData>
            <SimpleData name="Nombres_y_">FRANCISCA LOPEZ DE CHAVEZ</SimpleData>
            <SimpleData name="Sexo">Mujer</SimpleData>
            <SimpleData name="Cambio_de_">NO</SimpleData>
            <SimpleData name="Titular_se">NO</SimpleData>
            <SimpleData name="Situación">NO</SimpleData>
            <SimpleData name="Comunidad">Campesina</SimpleData>
            <SimpleData name="Modelo_imp">Modelo 1</SimpleData>
            <SimpleData name="Departamen">SAN PEDRO</SimpleData>
            <SimpleData name="Distrito">GUAYAIBI</SimpleData>
            <SimpleData name="Localidad">SAN FRANCISCO</SimpleData>
            <SimpleData name="Teléfono">0982721015</SimpleData>
            <SimpleData name="Vivienda_L">-24.22528220000</SimpleData>
            <SimpleData name="Vivienda_1">-56.17608590000</SimpleData>
            <SimpleData name="Superficie">0.80000000000</SimpleData>
            <SimpleData name="Situaci_1">Pol?gono</SimpleData>
            <SimpleData name="Plantado">Si</SimpleData>
            <SimpleData name="Parcela_La">-24.22501984000</SimpleData>
            <SimpleData name="Parcela_Lo">-56.18583196000</SimpleData>
            <SimpleData name="Grupo_Impl">G1</SimpleData>
            <SimpleData name="Grupo_de_P">Lote 1-P3-XX-XX-XX</SimpleData>
            <SimpleData name="Jornales">0.00000000000</SimpleData>
            <SimpleData name="Monto">0.00000000000</SimpleData>
            <SimpleData name="Estado_del">Activo</SimpleData>
            <SimpleData name="Empresa">Hyh Consultores SRL</SimpleData>
            <SimpleData name="Lote">Lote 1</SimpleData>
            <SimpleData name="Fecha_de_M">-</SimpleData>
            <SimpleData name="F__de_pren">-</SimpleData>
            <SimpleData name="Estado_FAO">Verificar posible desercion</SimpleData>
            <SimpleData name="Etapa_de_i">Mantenimiento A?o 1.2</SimpleData>
            <SimpleData name="Fecha_visi">2026/09/15</SimpleData>
            <SimpleData name="Cumple_sup">Si</SimpleData>
            <SimpleData name="Estado_mon">-</SimpleData>
            <SimpleData name="Situaci_12">-</SimpleData>
            <SimpleData name="Observaci">Falta de conocimiento o comprensi?n del proyecto;;La parcela se encuentra muy poco cuidada no hay producci?n y no hay cultivo</SimpleData>
            <SimpleData name="Dias_trans">5.42145552083</SimpleData>
            <SimpleData name="Prioridad">ALTA</SimpleData>
          </SchemaData>
        </ExtendedData>
        <Polygon>
          <outerBoundaryIs>
            <LinearRing>
              <coordinates>
                -56.184911400928,-24.2252171002065,0
                -56.186717300697,-24.2252461007504,0
                -56.186756400551,-24.2248126996433,0
                -56.1849095996053,-24.2248062001576,0
                -56.184911400928,-24.2252171002065,0
              </coordinates>
            </LinearRing>
          </outerBoundaryIs>
        </Polygon>
      </Placemark>
      <Placemark id="Distrito_GUAYAIBI.26">
        <ExtendedData>
          <SchemaData schemaUrl="#Distrito_GUAYAIBI.schema">
            <SimpleData name="Cédula">6547937.00000000000</SimpleData>
            <SimpleData name="cedula">6547937</SimpleData>
            <SimpleData name="N_">1586.00000000000</SimpleData>
            <SimpleData name="Nombres_y_">CLARA NATALIA BOGADO ZARATE</SimpleData>
            <SimpleData name="Sexo">Mujer</SimpleData>
            <SimpleData name="Cambio_de_">NO</SimpleData>
            <SimpleData name="Titular_se">NO</SimpleData>
            <SimpleData name="Situación">NO</SimpleData>
            <SimpleData name="Comunidad">Campesina</SimpleData>
            <SimpleData name="Modelo_imp">Modelo 5</SimpleData>
            <SimpleData name="Departamen">SAN PEDRO</SimpleData>
            <SimpleData name="Distrito">GUAYAIBI</SimpleData>
            <SimpleData name="Localidad">CALLE 4000</SimpleData>
            <SimpleData name="Teléfono">0971840226</SimpleData>
            <SimpleData name="Vivienda_L">-24.56763670000</SimpleData>
            <SimpleData name="Vivienda_1">-56.38264220000</SimpleData>
            <SimpleData name="Superficie">0.70000000000</SimpleData>
            <SimpleData name="Situaci_1">Pol?gono</SimpleData>
            <SimpleData name="Plantado">Si</SimpleData>
            <SimpleData name="Parcela_La">-24.57518256000</SimpleData>
            <SimpleData name="Parcela_Lo">-56.37610454000</SimpleData>
            <SimpleData name="Grupo_Impl">G1</SimpleData>
            <SimpleData name="Grupo_de_P">Lote 1-P1-XX-XX-XX</SimpleData>
            <SimpleData name="Jornales">0.00000000000</SimpleData>
            <SimpleData name="Monto">0.00000000000</SimpleData>
            <SimpleData name="Estado_del">Activo</SimpleData>
            <SimpleData name="Empresa">Hyh Consultores SRL</SimpleData>
            <SimpleData name="Lote">Lote 1</SimpleData>
            <SimpleData name="Fecha_de_M">-</SimpleData>
            <SimpleData name="F__de_pren">-</SimpleData>
            <SimpleData name="Estado_FAO">Monitorear</SimpleData>
            <SimpleData name="Etapa_de_i">Mantenimiento A?o 1.2</SimpleData>
            <SimpleData name="Fecha_visi">2026/09/09</SimpleData>
            <SimpleData name="Cumple_sup">Si</SimpleData>
            <SimpleData name="Estado_mon">-</SimpleData>
            <SimpleData name="Situaci_12">-</SimpleData>
            <SimpleData name="Dias_trans">11.35885416670</SimpleData>
            <SimpleData name="Prioridad">ALTA</SimpleData>
          </SchemaData>
        </ExtendedData>
        <Polygon>
          <outerBoundaryIs>
            <LinearRing>
              <coordinates>
                -56.375847100146,-24.5758597999721,0
                -56.3763243992612,-24.5758773006287,0
                -56.3763620997465,-24.5745187996167,0
                -56.3758880000319,-24.5744723004162,0
                -56.375847100146,-24.5758597999721,0
              </coordinates>
            </LinearRing>
          </outerBoundaryIs>
        </Polygon>
      </Placemark>
      <Placemark id="Distrito_GUAYAIBI.27">
        <ExtendedData>
          <SchemaData schemaUrl="#Distrito_GUAYAIBI.schema">
            <SimpleData name="Cédula">4917900.00000000000</SimpleData>
            <SimpleData name="cedula">4917900</SimpleData>
            <SimpleData name="N_">1558.00000000000</SimpleData>
            <SimpleData name="Nombres_y_">MARGARITA ACOSTA GONZALEZ</SimpleData>
            <SimpleData name="Sexo">Mujer</SimpleData>
            <SimpleData name="Cambio_de_">NO</SimpleData>
            <SimpleData name="Titular_se">NO</SimpleData>
            <SimpleData name="Situación">NO</SimpleData>
            <SimpleData name="Comunidad">Campesina</SimpleData>
            <SimpleData name="Modelo_imp">Modelo 5</SimpleData>
            <SimpleData name="Departamen">SAN PEDRO</SimpleData>
            <SimpleData name="Distrito">GUAYAIBI</SimpleData>
            <SimpleData name="Localidad">NATIVIDAD (COLONIA LUZ BELLA)</SimpleData>
            <SimpleData name="Teléfono">0983283943</SimpleData>
            <SimpleData name="Vivienda_L">-24.26659570000</SimpleData>
            <SimpleData name="Vivienda_1">-56.17326810000</SimpleData>
            <SimpleData name="Superficie">0.70000000000</SimpleData>
            <SimpleData name="Situaci_1">Pol?gono</SimpleData>
            <SimpleData name="Plantado">Si</SimpleData>
            <SimpleData name="Parcela_La">-24.26589426000</SimpleData>
            <SimpleData name="Parcela_Lo">-56.17348338000</SimpleData>
            <SimpleData name="Grupo_Impl">G1</SimpleData>
            <SimpleData name="Grupo_de_P">Lote 1-P2-XX-XX-XX</SimpleData>
            <SimpleData name="Jornales">0.00000000000</SimpleData>
            <SimpleData name="Monto">0.00000000000</SimpleData>
            <SimpleData name="Estado_del">Activo</SimpleData>
            <SimpleData name="Empresa">Hyh Consultores SRL</SimpleData>
            <SimpleData name="Lote">Lote 1</SimpleData>
            <SimpleData name="Fecha_de_M">-</SimpleData>
            <SimpleData name="F__de_pren">-</SimpleData>
            <SimpleData name="Estado_FAO">Monitorear</SimpleData>
            <SimpleData name="Etapa_de_i">Mantenimiento A?o 1.2</SimpleData>
            <SimpleData name="Fecha_visi">2026/09/12</SimpleData>
            <SimpleData name="Cumple_sup">Si</SimpleData>
            <SimpleData name="Estado_mon">-</SimpleData>
            <SimpleData name="Situaci_12">-</SimpleData>
            <SimpleData name="Dias_trans">8.04555555555</SimpleData>
            <SimpleData name="Prioridad">ALTA</SimpleData>
          </SchemaData>
        </ExtendedData>
        <Polygon>
          <outerBoundaryIs>
            <LinearRing>
              <coordinates>
                -56.1732830001955,-24.2655169999236,0
                -56.1732303997557,-24.2656585991214,0
                -56.1729677010797,-24.2656367995129,0
                -56.1729383000452,-24.2661647990622,0
                -56.1739002014004,-24.2662335000557,0
                -56.1740731998215,-24.2656688985893,0
                -56.1732830001955,-24.2655169999236,0
              </coordinates>
            </LinearRing>
          </outerBoundaryIs>
        </Polygon>
      </Placemark>
      <Placemark id="Distrito_GUAYAIBI.28">
        <ExtendedData>
          <SchemaData schemaUrl="#Distrito_GUAYAIBI.schema">
            <SimpleData name="Cédula">5656084.00000000000</SimpleData>
            <SimpleData name="cedula">5656084</SimpleData>
            <SimpleData name="N_">1510.00000000000</SimpleData>
            <SimpleData name="Nombres_y_">LILIANA FERNANDEZ AVEIRO</SimpleData>
            <SimpleData name="Sexo">Mujer</SimpleData>
            <SimpleData name="Cambio_de_">NO</SimpleData>
            <SimpleData name="Titular_se">NO</SimpleData>
            <SimpleData name="Situación">NO</SimpleData>
            <SimpleData name="Comunidad">Campesina</SimpleData>
            <SimpleData name="Modelo_imp">Modelo 5</SimpleData>
            <SimpleData name="Departamen">SAN PEDRO</SimpleData>
            <SimpleData name="Distrito">GUAYAIBI</SimpleData>
            <SimpleData name="Localidad">CARAYAO I</SimpleData>
            <SimpleData name="Teléfono">0971786462</SimpleData>
            <SimpleData name="Vivienda_L">-24.51019020000</SimpleData>
            <SimpleData name="Vivienda_1">-56.37086720000</SimpleData>
            <SimpleData name="Superficie">0.70000000000</SimpleData>
            <SimpleData name="Situaci_1">Pol?gono</SimpleData>
            <SimpleData name="Plantado">Si</SimpleData>
            <SimpleData name="Parcela_La">-24.51049421000</SimpleData>
            <SimpleData name="Parcela_Lo">-56.37301105000</SimpleData>
            <SimpleData name="Grupo_Impl">G1</SimpleData>
            <SimpleData name="Grupo_de_P">Lote 1-P1-XX-XX-XX</SimpleData>
            <SimpleData name="Jornales">0.00000000000</SimpleData>
            <SimpleData name="Monto">0.00000000000</SimpleData>
            <SimpleData name="Estado_del">Activo</SimpleData>
            <SimpleData name="Empresa">Hyh Consultores SRL</SimpleData>
            <SimpleData name="Lote">Lote 1</SimpleData>
            <SimpleData name="Fecha_de_M">-</SimpleData>
            <SimpleData name="F__de_pren">-</SimpleData>
            <SimpleData name="Estado_FAO">Monitorear</SimpleData>
            <SimpleData name="Etapa_de_i">Mantenimiento A?o 1.2</SimpleData>
            <SimpleData name="Fecha_visi">2026/09/03</SimpleData>
            <SimpleData name="Cumple_sup">Si</SimpleData>
            <SimpleData name="Estado_mon">-</SimpleData>
            <SimpleData name="Situaci_12">-</SimpleData>
            <SimpleData name="Dias_trans">17.15682870370</SimpleData>
            <SimpleData name="Prioridad">ALTA</SimpleData>
          </SchemaData>
        </ExtendedData>
        <Polygon>
          <outerBoundaryIs>
            <LinearRing>
              <coordinates>
                -56.3723549002029,-24.5101326005898,0
                -56.3724838994632,-24.5105556999832,0
                -56.3728736003296,-24.5105509001695,0
                -56.37300140136,-24.5109770006813,0
                -56.3735500006654,-24.5109808003752,0
                -56.3733011007068,-24.5101145002276,0
                -56.3723549002029,-24.5101326005898,0
              </coordinates>
            </LinearRing>
          </outerBoundaryIs>
        </Polygon>
      </Placemark>
      <Placemark id="Distrito_GUAYAIBI.29">
        <ExtendedData>
          <SchemaData schemaUrl="#Distrito_GUAYAIBI.schema">
            <SimpleData name="Cédula">7486899.00000000000</SimpleData>
            <SimpleData name="cedula">7486899</SimpleData>
            <SimpleData name="N_">9228.00000000000</SimpleData>
            <SimpleData name="Nombres_y_">LIVIA DILMAR PEREIRA</SimpleData>
            <SimpleData name="Sexo">Mujer</SimpleData>
            <SimpleData name="Cambio_de_">NO</SimpleData>
            <SimpleData name="Titular_se">NO</SimpleData>
            <SimpleData name="Situación">NO</SimpleData>
            <SimpleData name="Comunidad">Campesina</SimpleData>
            <SimpleData name="Modelo_imp">Modelo 5</SimpleData>
            <SimpleData name="Departamen">SAN PEDRO</SimpleData>
            <SimpleData name="Distrito">GUAYAIBI</SimpleData>
            <SimpleData name="Localidad">NARANJA HAI</SimpleData>
            <SimpleData name="Vivienda_L">-24.47916650000</SimpleData>
            <SimpleData name="Vivienda_1">-56.29938570000</SimpleData>
            <SimpleData name="Superficie">0.70000000000</SimpleData>
            <SimpleData name="Situaci_1">Pol?gono</SimpleData>
            <SimpleData name="Plantado">Si</SimpleData>
            <SimpleData name="Parcela_La">-24.47797280000</SimpleData>
            <SimpleData name="Parcela_Lo">-56.30198095000</SimpleData>
            <SimpleData name="Grupo_Impl">G1</SimpleData>
            <SimpleData name="Grupo_de_P">Lote 1-P3-XX-XX-XX</SimpleData>
            <SimpleData name="Jornales">0.00000000000</SimpleData>
            <SimpleData name="Monto">0.00000000000</SimpleData>
            <SimpleData name="Estado_del">Activo</SimpleData>
            <SimpleData name="Empresa">Hyh Consultores SRL</SimpleData>
            <SimpleData name="Lote">Lote 1</SimpleData>
            <SimpleData name="Fecha_de_M">-</SimpleData>
            <SimpleData name="F__de_pren">-</SimpleData>
            <SimpleData name="Estado_FAO">Monitorear</SimpleData>
            <SimpleData name="Etapa_de_i">Mantenimiento A?o 1.2</SimpleData>
            <SimpleData name="Fecha_visi">2026/09/11</SimpleData>
            <SimpleData name="Cumple_sup">Si</SimpleData>
            <SimpleData name="Estado_mon">-</SimpleData>
            <SimpleData name="Situaci_12">-</SimpleData>
            <SimpleData name="Dias_trans">9.50910879629</SimpleData>
            <SimpleData name="Prioridad">ALTA</SimpleData>
          </SchemaData>
        </ExtendedData>
        <MultiGeometry>
          <Polygon>
            <outerBoundaryIs>
              <LinearRing>
                <coordinates>
                  -56.301002099675,-24.4782569996729,0
                  -56.301212637206,-24.4785785495807,0
                  -56.3018535002642,-24.4781913999877,0
                  -56.3018048993003,-24.4778666996564,0
                  -56.301002099675,-24.4782569996729,0
                </coordinates>
              </LinearRing>
            </outerBoundaryIs>
          </Polygon>
          <Polygon>
            <outerBoundaryIs>
              <LinearRing>
                <coordinates>
                  -56.3019181996227,-24.4778157006555,0
                  -56.3020162001414,-24.4781520998078,0
                  -56.3029378995762,-24.4777097998574,0
                  -56.3027390000286,-24.4773926003477,0
                  -56.3019181996227,-24.4778157006555,0
                </coordinates>
              </LinearRing>
            </outerBoundaryIs>
          </Polygon>
        </MultiGeometry>
      </Placemark>
      <Placemark id="Distrito_GUAYAIBI.30">
        <ExtendedData>
          <SchemaData schemaUrl="#Distrito_GUAYAIBI.schema">
            <SimpleData name="Cédula">7003027.00000000000</SimpleData>
            <SimpleData name="cedula">7003027</SimpleData>
            <SimpleData name="N_">1583.00000000000</SimpleData>
            <SimpleData name="Nombres_y_">CIRILA GALEANO CARDOZO</SimpleData>
            <SimpleData name="Sexo">Mujer</SimpleData>
            <SimpleData name="Cambio_de_">NO</SimpleData>
            <SimpleData name="Titular_se">NO</SimpleData>
            <SimpleData name="Situación">NO</SimpleData>
            <SimpleData name="Comunidad">Campesina</SimpleData>
            <SimpleData name="Modelo_imp">Modelo 5</SimpleData>
            <SimpleData name="Departamen">SAN PEDRO</SimpleData>
            <SimpleData name="Distrito">GUAYAIBI</SimpleData>
            <SimpleData name="Localidad">ASENT. JUSTO VILLANUEVA LUZ BELLA</SimpleData>
            <SimpleData name="Teléfono">973737697</SimpleData>
            <SimpleData name="Vivienda_L">-24.32272820000</SimpleData>
            <SimpleData name="Vivienda_1">-56.14916310000</SimpleData>
            <SimpleData name="Superficie">0.70000000000</SimpleData>
            <SimpleData name="Situaci_1">Pol?gono</SimpleData>
            <SimpleData name="Plantado">Si</SimpleData>
            <SimpleData name="Parcela_La">-24.32383391000</SimpleData>
            <SimpleData name="Parcela_Lo">-56.14950915000</SimpleData>
            <SimpleData name="Grupo_Impl">G1</SimpleData>
            <SimpleData name="Grupo_de_P">Lote 1-P3-XX-XX-XX</SimpleData>
            <SimpleData name="Jornales">0.00000000000</SimpleData>
            <SimpleData name="Monto">0.00000000000</SimpleData>
            <SimpleData name="Estado_del">Activo</SimpleData>
            <SimpleData name="Empresa">Hyh Consultores SRL</SimpleData>
            <SimpleData name="Lote">Lote 1</SimpleData>
            <SimpleData name="Fecha_de_M">-</SimpleData>
            <SimpleData name="F__de_pren">-</SimpleData>
            <SimpleData name="Estado_FAO">Monitorear</SimpleData>
            <SimpleData name="Etapa_de_i">Mantenimiento A?o 1.2</SimpleData>
            <SimpleData name="Fecha_visi">2026/09/14</SimpleData>
            <SimpleData name="Cumple_sup">Si</SimpleData>
            <SimpleData name="Estado_mon">-</SimpleData>
            <SimpleData name="Situaci_12">-</SimpleData>
            <SimpleData name="Dias_trans">6.48079861111</SimpleData>
            <SimpleData name="Prioridad">ALTA</SimpleData>
          </SchemaData>
        </ExtendedData>
        <Polygon>
          <outerBoundaryIs>
            <LinearRing>
              <coordinates>
                -56.1492154999474,-24.3245877998376,0
                -56.1497650004147,-24.3245982997732,0
                -56.149771700191,-24.3229650008076,0
                -56.1494057998919,-24.323009700263,0
                -56.1493389002568,-24.3233311004523,0
                -56.1492489996797,-24.3233591001305,0
                -56.1492220003019,-24.3236137003009,0
                -56.1492154999474,-24.3245877998376,0
              </coordinates>
            </LinearRing>
          </outerBoundaryIs>
        </Polygon>
      </Placemark>
      <Placemark id="Distrito_GUAYAIBI.31">
        <ExtendedData>
          <SchemaData schemaUrl="#Distrito_GUAYAIBI.schema">
            <SimpleData name="Cédula">4762133.00000000000</SimpleData>
            <SimpleData name="cedula">4762133</SimpleData>
            <SimpleData name="N_">1589.00000000000</SimpleData>
            <SimpleData name="Nombres_y_">ZULMA ROJAS SAMUDIO</SimpleData>
            <SimpleData name="Sexo">Mujer</SimpleData>
            <SimpleData name="Cambio_de_">NO</SimpleData>
            <SimpleData name="Titular_se">NO</SimpleData>
            <SimpleData name="Situación">NO</SimpleData>
            <SimpleData name="Comunidad">Campesina</SimpleData>
            <SimpleData name="Modelo_imp">Modelo 1</SimpleData>
            <SimpleData name="Departamen">SAN PEDRO</SimpleData>
            <SimpleData name="Distrito">GUAYAIBI</SimpleData>
            <SimpleData name="Localidad">CALLE 6000</SimpleData>
            <SimpleData name="Teléfono">0984484891</SimpleData>
            <SimpleData name="Vivienda_L">-24.58587130000</SimpleData>
            <SimpleData name="Vivienda_1">-56.33356360000</SimpleData>
            <SimpleData name="Superficie">0.80000000000</SimpleData>
            <SimpleData name="Situaci_1">Pol?gono</SimpleData>
            <SimpleData name="Plantado">Si</SimpleData>
            <SimpleData name="Parcela_La">-24.59234093000</SimpleData>
            <SimpleData name="Parcela_Lo">-56.33366260000</SimpleData>
            <SimpleData name="Grupo_Impl">G1</SimpleData>
            <SimpleData name="Grupo_de_P">Lote 1-P1-XX-XX-XX</SimpleData>
            <SimpleData name="Jornales">0.00000000000</SimpleData>
            <SimpleData name="Monto">0.00000000000</SimpleData>
            <SimpleData name="Estado_del">Activo</SimpleData>
            <SimpleData name="Empresa">Hyh Consultores SRL</SimpleData>
            <SimpleData name="Lote">Lote 1</SimpleData>
            <SimpleData name="Fecha_de_M">-</SimpleData>
            <SimpleData name="F__de_pren">-</SimpleData>
            <SimpleData name="Estado_FAO">Monitorear</SimpleData>
            <SimpleData name="Etapa_de_i">Mantenimiento A?o 1.2</SimpleData>
            <SimpleData name="Fecha_visi">2026/09/01</SimpleData>
            <SimpleData name="Cumple_sup">Si</SimpleData>
            <SimpleData name="Estado_mon">-</SimpleData>
            <SimpleData name="Situaci_12">-</SimpleData>
            <SimpleData name="Dias_trans">19.45496527780</SimpleData>
            <SimpleData name="Prioridad">ALTA</SimpleData>
          </SchemaData>
        </ExtendedData>
        <Polygon>
          <outerBoundaryIs>
            <LinearRing>
              <coordinates>
                -56.3331842003819,-24.5923447996596,0
                -56.3340671008674,-24.5930856001927,0
                -56.334128342302,-24.592300761468,0
                -56.3332535996984,-24.5916149016007,0
                -56.3331842003819,-24.5923447996596,0
              </coordinates>
            </LinearRing>
          </outerBoundaryIs>
        </Polygon>
      </Placemark>
      <Placemark id="Distrito_GUAYAIBI.32">
        <ExtendedData>
          <SchemaData schemaUrl="#Distrito_GUAYAIBI.schema">
            <SimpleData name="Cédula">7748364.00000000000</SimpleData>
            <SimpleData name="cedula">7748364</SimpleData>
            <SimpleData name="N_">1506.00000000000</SimpleData>
            <SimpleData name="Nombres_y_">ISABEL  IBARRA DELGADO</SimpleData>
            <SimpleData name="Sexo">Mujer</SimpleData>
            <SimpleData name="Cambio_de_">NO</SimpleData>
            <SimpleData name="Titular_se">NO</SimpleData>
            <SimpleData name="Situación">NO</SimpleData>
            <SimpleData name="Comunidad">Campesina</SimpleData>
            <SimpleData name="Modelo_imp">Modelo 1</SimpleData>
            <SimpleData name="Departamen">SAN PEDRO</SimpleData>
            <SimpleData name="Distrito">GUAYAIBI</SimpleData>
            <SimpleData name="Localidad">7 DE ABRIL (COLONIA LUZ BELLA)</SimpleData>
            <SimpleData name="Teléfono">0981989945</SimpleData>
            <SimpleData name="Vivienda_L">-24.23041670000</SimpleData>
            <SimpleData name="Vivienda_1">-56.17733730000</SimpleData>
            <SimpleData name="Superficie">0.80000000000</SimpleData>
            <SimpleData name="Situaci_1">Pol?gono</SimpleData>
            <SimpleData name="Plantado">Si</SimpleData>
            <SimpleData name="Parcela_La">-24.22970502000</SimpleData>
            <SimpleData name="Parcela_Lo">-56.17677635000</SimpleData>
            <SimpleData name="Grupo_Impl">G1</SimpleData>
            <SimpleData name="Grupo_de_P">Lote 1-P2-XX-XX-XX</SimpleData>
            <SimpleData name="Jornales">0.00000000000</SimpleData>
            <SimpleData name="Monto">0.00000000000</SimpleData>
            <SimpleData name="Estado_del">Activo</SimpleData>
            <SimpleData name="Empresa">Hyh Consultores SRL</SimpleData>
            <SimpleData name="Lote">Lote 1</SimpleData>
            <SimpleData name="Fecha_de_M">-</SimpleData>
            <SimpleData name="F__de_pren">-</SimpleData>
            <SimpleData name="Estado_FAO">Monitorear</SimpleData>
            <SimpleData name="Etapa_de_i">Mantenimiento A?o 1.2</SimpleData>
            <SimpleData name="Fecha_visi">2026/09/16</SimpleData>
            <SimpleData name="Cumple_sup">Si</SimpleData>
            <SimpleData name="Estado_mon">-</SimpleData>
            <SimpleData name="Situaci_12">-</SimpleData>
            <SimpleData name="Dias_trans">4.43935185186</SimpleData>
            <SimpleData name="Prioridad">ALTA</SimpleData>
          </SchemaData>
        </ExtendedData>
        <MultiGeometry>
          <Polygon>
            <outerBoundaryIs>
              <LinearRing>
                <coordinates>
                  -56.1752985997585,-24.2305609004859,0
                  -56.1753028998555,-24.2308066986326,0
                  -56.1759895985539,-24.2306371003407,0
                  -56.1760693013865,-24.2305842998191,0
                  -56.176050801604,-24.2304018992321,0
                  -56.1752985997585,-24.2305609004859,0
                </coordinates>
              </LinearRing>
            </outerBoundaryIs>
          </Polygon>
          <Polygon>
            <outerBoundaryIs>
              <LinearRing>
                <coordinates>
                  -56.1763066995825,-24.2293732988212,0
                  -56.1766383010682,-24.2301850000479,0
                  -56.1772404996025,-24.2300382995442,0
                  -56.1769233999327,-24.2292287000758,0
                  -56.1763066995825,-24.2293732988212,0
                </coordinates>
              </LinearRing>
            </outerBoundaryIs>
          </Polygon>
        </MultiGeometry>
      </Placemark>
      <Placemark id="Distrito_GUAYAIBI.33">
        <ExtendedData>
          <SchemaData schemaUrl="#Distrito_GUAYAIBI.schema">
            <SimpleData name="Cédula">7163467.00000000000</SimpleData>
            <SimpleData name="cedula">7163467</SimpleData>
            <SimpleData name="N_">1508.00000000000</SimpleData>
            <SimpleData name="Nombres_y_">ADRIANA ELIZABETH CACERES</SimpleData>
            <SimpleData name="Sexo">Mujer</SimpleData>
            <SimpleData name="Cambio_de_">NO</SimpleData>
            <SimpleData name="Titular_se">NO</SimpleData>
            <SimpleData name="Situación">NO</SimpleData>
            <SimpleData name="Comunidad">Campesina</SimpleData>
            <SimpleData name="Modelo_imp">Modelo 1</SimpleData>
            <SimpleData name="Departamen">SAN PEDRO</SimpleData>
            <SimpleData name="Distrito">GUAYAIBI</SimpleData>
            <SimpleData name="Localidad">ASENT. JUSTO VILLANUEVA LUZ BELLA</SimpleData>
            <SimpleData name="Teléfono">0986508557</SimpleData>
            <SimpleData name="Vivienda_L">-24.32251390000</SimpleData>
            <SimpleData name="Vivienda_1">-56.14451120000</SimpleData>
            <SimpleData name="Superficie">0.80000000000</SimpleData>
            <SimpleData name="Situaci_1">Pol?gono</SimpleData>
            <SimpleData name="Plantado">Si</SimpleData>
            <SimpleData name="Parcela_La">-24.32579943000</SimpleData>
            <SimpleData name="Parcela_Lo">-56.14506085000</SimpleData>
            <SimpleData name="Grupo_Impl">G1</SimpleData>
            <SimpleData name="Grupo_de_P">Lote 1-P2-XX-XX-XX</SimpleData>
            <SimpleData name="Jornales">0.00000000000</SimpleData>
            <SimpleData name="Monto">0.00000000000</SimpleData>
            <SimpleData name="Estado_del">Activo</SimpleData>
            <SimpleData name="Empresa">Hyh Consultores SRL</SimpleData>
            <SimpleData name="Lote">Lote 1</SimpleData>
            <SimpleData name="Fecha_de_M">-</SimpleData>
            <SimpleData name="F__de_pren">-</SimpleData>
            <SimpleData name="Estado_FAO">Monitorear</SimpleData>
            <SimpleData name="Etapa_de_i">Mantenimiento A?o 1.2</SimpleData>
            <SimpleData name="Fecha_visi">2026/09/14</SimpleData>
            <SimpleData name="Cumple_sup">Si</SimpleData>
            <SimpleData name="Estado_mon">-</SimpleData>
            <SimpleData name="Situaci_12">-</SimpleData>
            <SimpleData name="Dias_trans">6.20730324074</SimpleData>
            <SimpleData name="Prioridad">ALTA</SimpleData>
          </SchemaData>
        </ExtendedData>
        <Polygon>
          <outerBoundaryIs>
            <LinearRing>
              <coordinates>
                -56.1447266999421,-24.3263483005239,0
                -56.14536659984,-24.3263799984022,0
                -56.1453782999418,-24.325233298936,0
                -56.1447696999821,-24.3252168001439,0
                -56.1447266999421,-24.3263483005239,0
              </coordinates>
            </LinearRing>
          </outerBoundaryIs>
        </Polygon>
      </Placemark>
    </Document>
  </Document>
</kml>
