<?xml version="1.0" encoding="UTF-8"?>
<kml xmlns="http://www.opengis.net/kml/2.2">
  <Document id="root_doc">
    <Schema id="Distrito_VILLA_YGATIM__.schema">
      <SimpleField name="CÈdula" type="double"/>
      <SimpleField name="cedula" type="string"/>
      <SimpleField name="N" type="double"/>
      <SimpleField name="Nombres_y_" type="string"/>
      <SimpleField name="Sexo" type="string"/>
      <SimpleField name="Cambio_de_" type="string"/>
      <SimpleField name="Titular_se" type="string"/>
      <SimpleField name="CÈdula_Ti" type="string"/>
      <SimpleField name="SituaciÛn" type="string"/>
      <SimpleField name="Comunidad" type="string"/>
      <SimpleField name="Modelo_imp" type="string"/>
      <SimpleField name="Departamen" type="string"/>
      <SimpleField name="Distrito" type="string"/>
      <SimpleField name="Localidad" type="string"/>
      <SimpleField name="TelÈfono" type="string"/>
      <SimpleField name="Vivienda_L" type="double"/>
      <SimpleField name="Vivienda_1" type="double"/>
      <SimpleField name="Superficie" type="double"/>
      <SimpleField name="Situaci_1" type="string"/>
      <SimpleField name="Plantado" type="string"/>
      <SimpleField name="Parcela_La" type="double"/>
      <SimpleField name="Parcela_Lo" type="double"/>
      <SimpleField name="Grupo_Impl" type="string"/>
      <SimpleField name="Grupo_de_P" type="string"/>
      <SimpleField name="Jornales" type="double"/>
      <SimpleField name="Monto" type="double"/>
      <SimpleField name="Estado_del" type="string"/>
      <SimpleField name="Empresa" type="string"/>
      <SimpleField name="Lote" type="string"/>
      <SimpleField name="Monitorear" type="string"/>
      <SimpleField name="Fecha_de_M" type="string"/>
      <SimpleField name="F__de_pren" type="string"/>
      <SimpleField name="Estado_FAO" type="string"/>
      <SimpleField name="Etapa_de_i" type="string"/>
      <SimpleField name="Fecha_visi" type="string"/>
      <SimpleField name="Cumple_sup" type="string"/>
      <SimpleField name="Estado_mon" type="string"/>
      <SimpleField name="Situaci_12" type="string"/>
      <SimpleField name="Observaci" type="string"/>
      <SimpleField name="Dias_trans" type="double"/>
      <SimpleField name="Prioridad" type="string"/>
    </Schema>
    <Document id="Distrito_VILLA_YGATIM__">
      <name>Distrito_VILLA YGATIM√ç</name>
      <Placemark id="Distrito_VILLA_YGATIM__.1">
        <ExtendedData>
          <SchemaData schemaUrl="#Distrito_VILLA_YGATIM__.schema">
            <SimpleData name="CÈdula">6864681.00000000000</SimpleData>
            <SimpleData name="cedula">6864681</SimpleData>
            <SimpleData name="N">269.00000000000</SimpleData>
            <SimpleData name="Nombres_y_">CLAUDIA VILLALBA TABARES</SimpleData>
            <SimpleData name="Sexo">Mujer</SimpleData>
            <SimpleData name="Cambio_de_">NO</SimpleData>
            <SimpleData name="Titular_se">NO</SimpleData>
            <SimpleData name="SituaciÛn">NO</SimpleData>
            <SimpleData name="Comunidad">Ind?gena</SimpleData>
            <SimpleData name="Modelo_imp">Modelo 1</SimpleData>
            <SimpleData name="Departamen">CANINDEYU</SimpleData>
            <SimpleData name="Distrito">VILLA YGATIM?</SimpleData>
            <SimpleData name="Localidad">COM INDIG SAN ANTONIO</SimpleData>
            <SimpleData name="TelÈfono">0984029649</SimpleData>
            <SimpleData name="Vivienda_L">-24.06762230000</SimpleData>
            <SimpleData name="Vivienda_1">-55.73617500000</SimpleData>
            <SimpleData name="Superficie">0.80000000000</SimpleData>
            <SimpleData name="Situaci_1">Par?metro</SimpleData>
            <SimpleData name="Plantado">Si</SimpleData>
            <SimpleData name="Parcela_La">-24.06729599000</SimpleData>
            <SimpleData name="Parcela_Lo">-55.74009127000</SimpleData>
            <SimpleData name="Grupo_Impl">G2</SimpleData>
            <SimpleData name="Grupo_de_P">H-P8-XX-XX-XX</SimpleData>
            <SimpleData name="Jornales">0.00000000000</SimpleData>
            <SimpleData name="Monto">0.00000000000</SimpleData>
            <SimpleData name="Estado_del">Activo</SimpleData>
            <SimpleData name="Empresa">Hyh Consultores SRL</SimpleData>
            <SimpleData name="Lote">H</SimpleData>
            <SimpleData name="Monitorear">No</SimpleData>
            <SimpleData name="Fecha_de_M">-</SimpleData>
            <SimpleData name="F__de_pren">-</SimpleData>
            <SimpleData name="Estado_FAO">Verificar posible desercion</SimpleData>
            <SimpleData name="Etapa_de_i">Mantenimiento A?o 1.1</SimpleData>
            <SimpleData name="Fecha_visi">2026/09/14</SimpleData>
            <SimpleData name="Cumple_sup">-</SimpleData>
            <SimpleData name="Estado_mon">-</SimpleData>
            <SimpleData name="Situaci_12">-</SimpleData>
            <SimpleData name="Observaci">Falta de inter?s o no ve el beneficio;;La parcela se encuentra en estado de abandono sin cuidado de parte de la beneficiaria</SimpleData>
            <SimpleData name="Dias_trans">6.31145372685</SimpleData>
            <SimpleData name="Prioridad">ALTA</SimpleData>
          </SchemaData>
        </ExtendedData>
        <Point>
          <coordinates>
            -55.7400912693904,-24.0672959939582,0
          </coordinates>
        </Point>
      </Placemark>
      <Placemark id="Distrito_VILLA_YGATIM__.2">
        <ExtendedData>
          <SchemaData schemaUrl="#Distrito_VILLA_YGATIM__.schema">
            <SimpleData name="CÈdula">5968757.00000000000</SimpleData>
            <SimpleData name="cedula">5968757</SimpleData>
            <SimpleData name="N">247.00000000000</SimpleData>
            <SimpleData name="Nombres_y_"><![CDATA[CRECENCIA KRY'YPURANGI MBETAPAGI MBYVANGI]]></SimpleData>
            <SimpleData name="Sexo">Mujer</SimpleData>
            <SimpleData name="Cambio_de_">NO</SimpleData>
            <SimpleData name="Titular_se">NO</SimpleData>
            <SimpleData name="SituaciÛn">NO</SimpleData>
            <SimpleData name="Comunidad">Ind?gena</SimpleData>
            <SimpleData name="Modelo_imp">Modelo 2</SimpleData>
            <SimpleData name="Departamen">CANINDEYU</SimpleData>
            <SimpleData name="Distrito">VILLA YGATIM?</SimpleData>
            <SimpleData name="Localidad">COM INDIG CHUPA POU</SimpleData>
            <SimpleData name="TelÈfono">0983030739</SimpleData>
            <SimpleData name="Vivienda_L">-24.21178040000</SimpleData>
            <SimpleData name="Vivienda_1">-55.67134950000</SimpleData>
            <SimpleData name="Superficie">0.80000000000</SimpleData>
            <SimpleData name="Situaci_1">Pol?gono</SimpleData>
            <SimpleData name="Plantado">Si</SimpleData>
            <SimpleData name="Parcela_La">-24.21096399000</SimpleData>
            <SimpleData name="Parcela_Lo">-55.67039722000</SimpleData>
            <SimpleData name="Grupo_Impl">G2</SimpleData>
            <SimpleData name="Grupo_de_P">H-P2-P10P10-XX-XX</SimpleData>
            <SimpleData name="Jornales">4.00000000000</SimpleData>
            <SimpleData name="Monto">446008.00000000000</SimpleData>
            <SimpleData name="Estado_del">Activo</SimpleData>
            <SimpleData name="Empresa">Hyh Consultores SRL</SimpleData>
            <SimpleData name="Lote">H</SimpleData>
            <SimpleData name="Monitorear">No</SimpleData>
            <SimpleData name="Fecha_de_M">-</SimpleData>
            <SimpleData name="F__de_pren">-</SimpleData>
            <SimpleData name="Estado_FAO">Monitorear</SimpleData>
            <SimpleData name="Etapa_de_i">Mantenimiento A?o 1.2</SimpleData>
            <SimpleData name="Fecha_visi">2026/09/02</SimpleData>
            <SimpleData name="Cumple_sup">Si</SimpleData>
            <SimpleData name="Estado_mon">-</SimpleData>
            <SimpleData name="Situaci_12">-</SimpleData>
            <SimpleData name="Dias_trans">18.38350694440</SimpleData>
            <SimpleData name="Prioridad">ALTA</SimpleData>
          </SchemaData>
        </ExtendedData>
        <Point>
          <coordinates>
            -55.670397223845,-24.2109639868779,0
          </coordinates>
        </Point>
      </Placemark>
      <Placemark id="Distrito_VILLA_YGATIM__.3">
        <ExtendedData>
          <SchemaData schemaUrl="#Distrito_VILLA_YGATIM__.schema">
            <SimpleData name="CÈdula">1086285.00000000000</SimpleData>
            <SimpleData name="cedula">1086285</SimpleData>
            <SimpleData name="N">225.00000000000</SimpleData>
            <SimpleData name="Nombres_y_">FRANCISCO VACHUGI</SimpleData>
            <SimpleData name="Sexo">Hombre</SimpleData>
            <SimpleData name="Cambio_de_">NO</SimpleData>
            <SimpleData name="Titular_se">NO</SimpleData>
            <SimpleData name="SituaciÛn">NO</SimpleData>
            <SimpleData name="Comunidad">Ind?gena</SimpleData>
            <SimpleData name="Modelo_imp">Modelo 1</SimpleData>
            <SimpleData name="Departamen">CANINDEYU</SimpleData>
            <SimpleData name="Distrito">VILLA YGATIM?</SimpleData>
            <SimpleData name="Localidad">COM INDIG CHUPA POU</SimpleData>
            <SimpleData name="TelÈfono">No tiene</SimpleData>
            <SimpleData name="Vivienda_L">-24.20884170000</SimpleData>
            <SimpleData name="Vivienda_1">-55.68023330000</SimpleData>
            <SimpleData name="Superficie">0.80000000000</SimpleData>
            <SimpleData name="Situaci_1">Pol?gono</SimpleData>
            <SimpleData name="Plantado">Si</SimpleData>
            <SimpleData name="Parcela_La">-24.20719887000</SimpleData>
            <SimpleData name="Parcela_Lo">-55.68038406000</SimpleData>
            <SimpleData name="Grupo_Impl">G2</SimpleData>
            <SimpleData name="Grupo_de_P">H-P2-P10P10-XX-XX</SimpleData>
            <SimpleData name="Jornales">4.00000000000</SimpleData>
            <SimpleData name="Monto">446008.00000000000</SimpleData>
            <SimpleData name="Estado_del">Activo</SimpleData>
            <SimpleData name="Empresa">Hyh Consultores SRL</SimpleData>
            <SimpleData name="Lote">H</SimpleData>
            <SimpleData name="Monitorear">No</SimpleData>
            <SimpleData name="Fecha_de_M">21/7/2026</SimpleData>
            <SimpleData name="F__de_pren">80</SimpleData>
            <SimpleData name="Estado_FAO">Monitorear Reposicion</SimpleData>
            <SimpleData name="Etapa_de_i">Mantenimiento A?o 1.2</SimpleData>
            <SimpleData name="Fecha_visi">2026/07/18</SimpleData>
            <SimpleData name="Cumple_sup">Si</SimpleData>
            <SimpleData name="Estado_mon">?????? NO CUMPLE ??????</SimpleData>
            <SimpleData name="Situaci_12">Al momento del monitoreo de mantenimiento y asistencia t?cnica se observa que la parcela no cumple con las especificaciones t?cnicas establecidas.  Se visualiza  especies forestales de r?pido crecimiento sin prendimiento y faltantes de especies forest</SimpleData>
            <SimpleData name="Dias_trans">64.53451388890</SimpleData>
            <SimpleData name="Prioridad">ALTA</SimpleData>
          </SchemaData>
        </ExtendedData>
        <Point>
          <coordinates>
            -55.6803840552959,-24.2071988747022,0
          </coordinates>
        </Point>
      </Placemark>
      <Placemark id="Distrito_VILLA_YGATIM__.4">
        <ExtendedData>
          <SchemaData schemaUrl="#Distrito_VILLA_YGATIM__.schema">
            <SimpleData name="CÈdula">6760723.00000000000</SimpleData>
            <SimpleData name="cedula">6760723</SimpleData>
            <SimpleData name="N">264.00000000000</SimpleData>
            <SimpleData name="Nombres_y_">AGUSTIN RUIZ DIAZ MARTINEZ</SimpleData>
            <SimpleData name="Sexo">Hombre</SimpleData>
            <SimpleData name="Cambio_de_">NO</SimpleData>
            <SimpleData name="Titular_se">NO</SimpleData>
            <SimpleData name="SituaciÛn">NO</SimpleData>
            <SimpleData name="Comunidad">Ind?gena</SimpleData>
            <SimpleData name="Modelo_imp">Modelo 1</SimpleData>
            <SimpleData name="Departamen">CANINDEYU</SimpleData>
            <SimpleData name="Distrito">VILLA YGATIM?</SimpleData>
            <SimpleData name="Localidad">COM INDIG CHUPA POU</SimpleData>
            <SimpleData name="TelÈfono">0982051940</SimpleData>
            <SimpleData name="Vivienda_L">-24.21679240000</SimpleData>
            <SimpleData name="Vivienda_1">-55.66459040000</SimpleData>
            <SimpleData name="Superficie">0.80000000000</SimpleData>
            <SimpleData name="Situaci_1">Pol?gono</SimpleData>
            <SimpleData name="Plantado">Si</SimpleData>
            <SimpleData name="Parcela_La">-24.21419666000</SimpleData>
            <SimpleData name="Parcela_Lo">-55.66543113000</SimpleData>
            <SimpleData name="Grupo_Impl">G2</SimpleData>
            <SimpleData name="Grupo_de_P">H-P2-P10P10-XX-XX</SimpleData>
            <SimpleData name="Jornales">4.00000000000</SimpleData>
            <SimpleData name="Monto">446008.00000000000</SimpleData>
            <SimpleData name="Estado_del">Activo</SimpleData>
            <SimpleData name="Empresa">Hyh Consultores SRL</SimpleData>
            <SimpleData name="Lote">H</SimpleData>
            <SimpleData name="Monitorear">No</SimpleData>
            <SimpleData name="Fecha_de_M">-</SimpleData>
            <SimpleData name="F__de_pren">-</SimpleData>
            <SimpleData name="Estado_FAO">Monitorear</SimpleData>
            <SimpleData name="Etapa_de_i">Mantenimiento A?o 1.2</SimpleData>
            <SimpleData name="Fecha_visi">2026/08/28</SimpleData>
            <SimpleData name="Cumple_sup">Si</SimpleData>
            <SimpleData name="Estado_mon">-</SimpleData>
            <SimpleData name="Situaci_12">-</SimpleData>
            <SimpleData name="Dias_trans">23.49357638890</SimpleData>
            <SimpleData name="Prioridad">ALTA</SimpleData>
          </SchemaData>
        </ExtendedData>
        <Point>
          <coordinates>
            -55.6654311343597,-24.2141966649389,0
          </coordinates>
        </Point>
      </Placemark>
      <Placemark id="Distrito_VILLA_YGATIM__.5">
        <ExtendedData>
          <SchemaData schemaUrl="#Distrito_VILLA_YGATIM__.schema">
            <SimpleData name="CÈdula">1411518.00000000000</SimpleData>
            <SimpleData name="cedula">1411518</SimpleData>
            <SimpleData name="N">236.00000000000</SimpleData>
            <SimpleData name="Nombres_y_">FLORENCIA BENITEZ DURAN</SimpleData>
            <SimpleData name="Sexo">Mujer</SimpleData>
            <SimpleData name="Cambio_de_">NO</SimpleData>
            <SimpleData name="Titular_se">NO</SimpleData>
            <SimpleData name="SituaciÛn">NO</SimpleData>
            <SimpleData name="Comunidad">Ind?gena</SimpleData>
            <SimpleData name="Modelo_imp">Modelo 4</SimpleData>
            <SimpleData name="Departamen">CANINDEYU</SimpleData>
            <SimpleData name="Distrito">VILLA YGATIM?</SimpleData>
            <SimpleData name="Localidad">COM INDIG ITANARAMI 8 DE DICIEMBRE</SimpleData>
            <SimpleData name="TelÈfono">0984472232</SimpleData>
            <SimpleData name="Vivienda_L">-24.09284670000</SimpleData>
            <SimpleData name="Vivienda_1">-55.69722120000</SimpleData>
            <SimpleData name="Superficie">0.70000000000</SimpleData>
            <SimpleData name="Situaci_1">Pol?gono</SimpleData>
            <SimpleData name="Plantado">Si</SimpleData>
            <SimpleData name="Parcela_La">-24.08949391000</SimpleData>
            <SimpleData name="Parcela_Lo">-55.69509896000</SimpleData>
            <SimpleData name="Grupo_Impl">G2</SimpleData>
            <SimpleData name="Grupo_de_P">H-P2-P11X-XX-XX</SimpleData>
            <SimpleData name="Jornales">0.00000000000</SimpleData>
            <SimpleData name="Monto">0.00000000000</SimpleData>
            <SimpleData name="Estado_del">Activo</SimpleData>
            <SimpleData name="Empresa">Hyh Consultores SRL</SimpleData>
            <SimpleData name="Lote">H</SimpleData>
            <SimpleData name="Monitorear">No</SimpleData>
            <SimpleData name="Fecha_de_M">-</SimpleData>
            <SimpleData name="F__de_pren">-</SimpleData>
            <SimpleData name="Estado_FAO">Verificar posible desercion</SimpleData>
            <SimpleData name="Etapa_de_i">Mantenimiento A?o 1.1</SimpleData>
            <SimpleData name="Fecha_visi">2026/09/15</SimpleData>
            <SimpleData name="Cumple_sup">Si</SimpleData>
            <SimpleData name="Estado_mon">-</SimpleData>
            <SimpleData name="Situaci_12">-</SimpleData>
            <SimpleData name="Observaci">Incendios;;Parcela afectado por incendio</SimpleData>
            <SimpleData name="Dias_trans">5.53535416667</SimpleData>
            <SimpleData name="Prioridad">ALTA</SimpleData>
          </SchemaData>
        </ExtendedData>
        <Point>
          <coordinates>
            -55.6950989645169,-24.0894939091818,0
          </coordinates>
        </Point>
      </Placemark>
      <Placemark id="Distrito_VILLA_YGATIM__.6">
        <ExtendedData>
          <SchemaData schemaUrl="#Distrito_VILLA_YGATIM__.schema">
            <SimpleData name="CÈdula">6349084.00000000000</SimpleData>
            <SimpleData name="cedula">6349084</SimpleData>
            <SimpleData name="N">253.00000000000</SimpleData>
            <SimpleData name="Nombres_y_">MANUELA KRYGI CHACHUGI JAMONGI</SimpleData>
            <SimpleData name="Sexo">Mujer</SimpleData>
            <SimpleData name="Cambio_de_">NO</SimpleData>
            <SimpleData name="Titular_se">NO</SimpleData>
            <SimpleData name="SituaciÛn">NO</SimpleData>
            <SimpleData name="Comunidad">Ind?gena</SimpleData>
            <SimpleData name="Modelo_imp">Modelo 5</SimpleData>
            <SimpleData name="Departamen">CANINDEYU</SimpleData>
            <SimpleData name="Distrito">VILLA YGATIM?</SimpleData>
            <SimpleData name="Localidad">COM INDIG CHUPA POU</SimpleData>
            <SimpleData name="TelÈfono">0983386239</SimpleData>
            <SimpleData name="Vivienda_L">-24.20930960000</SimpleData>
            <SimpleData name="Vivienda_1">-55.67748580000</SimpleData>
            <SimpleData name="Superficie">0.70000000000</SimpleData>
            <SimpleData name="Situaci_1">Pol?gono</SimpleData>
            <SimpleData name="Plantado">Si</SimpleData>
            <SimpleData name="Parcela_La">-24.20985023000</SimpleData>
            <SimpleData name="Parcela_Lo">-55.67759964000</SimpleData>
            <SimpleData name="Grupo_Impl">G2</SimpleData>
            <SimpleData name="Grupo_de_P">H-P2-XX-XX-XX</SimpleData>
            <SimpleData name="Jornales">0.00000000000</SimpleData>
            <SimpleData name="Monto">0.00000000000</SimpleData>
            <SimpleData name="Estado_del">Activo</SimpleData>
            <SimpleData name="Empresa">Hyh Consultores SRL</SimpleData>
            <SimpleData name="Lote">H</SimpleData>
            <SimpleData name="Monitorear">No</SimpleData>
            <SimpleData name="Fecha_de_M">24/6/2026</SimpleData>
            <SimpleData name="F__de_pren">10</SimpleData>
            <SimpleData name="Estado_FAO">Monitorear Reposicion</SimpleData>
            <SimpleData name="Etapa_de_i">Mantenimiento A?o 1.1</SimpleData>
            <SimpleData name="Fecha_visi">2026/09/12</SimpleData>
            <SimpleData name="Cumple_sup">Si</SimpleData>
            <SimpleData name="Estado_mon">??????NO CUMPLE??????</SimpleData>
            <SimpleData name="Situaci_12">En el momento del monitoreo no se observa plantines sobre vivientes por causas de las hormigas cortadoras, recomendamos realizar reposiciones de c?tricos, nativas y de r?pido crecimiento.</SimpleData>
            <SimpleData name="Dias_trans">8.30269675926</SimpleData>
            <SimpleData name="Prioridad">ALTA</SimpleData>
          </SchemaData>
        </ExtendedData>
        <Point>
          <coordinates>
            -55.6775996354586,-24.2098502316896,0
          </coordinates>
        </Point>
      </Placemark>
      <Placemark id="Distrito_VILLA_YGATIM__.7">
        <ExtendedData>
          <SchemaData schemaUrl="#Distrito_VILLA_YGATIM__.schema">
            <SimpleData name="CÈdula">6349091.00000000000</SimpleData>
            <SimpleData name="cedula">6349091</SimpleData>
            <SimpleData name="N">232.00000000000</SimpleData>
            <SimpleData name="Nombres_y_">ELODIA KRURUGI CHACHUGI JAMONGI</SimpleData>
            <SimpleData name="Sexo">Mujer</SimpleData>
            <SimpleData name="Cambio_de_">NO</SimpleData>
            <SimpleData name="Titular_se">NO</SimpleData>
            <SimpleData name="SituaciÛn">NO</SimpleData>
            <SimpleData name="Comunidad">Ind?gena</SimpleData>
            <SimpleData name="Modelo_imp">Modelo 1</SimpleData>
            <SimpleData name="Departamen">CANINDEYU</SimpleData>
            <SimpleData name="Distrito">VILLA YGATIM?</SimpleData>
            <SimpleData name="Localidad">COM INDIG CHUPA POU</SimpleData>
            <SimpleData name="TelÈfono">0986553777</SimpleData>
            <SimpleData name="Vivienda_L">-24.20915270000</SimpleData>
            <SimpleData name="Vivienda_1">-55.67564600000</SimpleData>
            <SimpleData name="Superficie">0.80000000000</SimpleData>
            <SimpleData name="Situaci_1">Pol?gono</SimpleData>
            <SimpleData name="Plantado">Si</SimpleData>
            <SimpleData name="Parcela_La">-24.19877670000</SimpleData>
            <SimpleData name="Parcela_Lo">-55.66640677000</SimpleData>
            <SimpleData name="Grupo_Impl">G2</SimpleData>
            <SimpleData name="Grupo_de_P">H-P2-P10P10-XX-XX</SimpleData>
            <SimpleData name="Jornales">4.00000000000</SimpleData>
            <SimpleData name="Monto">446008.00000000000</SimpleData>
            <SimpleData name="Estado_del">Activo</SimpleData>
            <SimpleData name="Empresa">Hyh Consultores SRL</SimpleData>
            <SimpleData name="Lote">H</SimpleData>
            <SimpleData name="Monitorear">No</SimpleData>
            <SimpleData name="Fecha_de_M">-</SimpleData>
            <SimpleData name="F__de_pren">-</SimpleData>
            <SimpleData name="Estado_FAO">Monitorear</SimpleData>
            <SimpleData name="Etapa_de_i">Mantenimiento A?o 1.2</SimpleData>
            <SimpleData name="Fecha_visi">2026/08/30</SimpleData>
            <SimpleData name="Cumple_sup">Si</SimpleData>
            <SimpleData name="Estado_mon">-</SimpleData>
            <SimpleData name="Situaci_12">-</SimpleData>
            <SimpleData name="Dias_trans">21.45932870370</SimpleData>
            <SimpleData name="Prioridad">ALTA</SimpleData>
          </SchemaData>
        </ExtendedData>
        <Point>
          <coordinates>
            -55.6664067685344,-24.1987767005669,0
          </coordinates>
        </Point>
      </Placemark>
      <Placemark id="Distrito_VILLA_YGATIM__.8">
        <ExtendedData>
          <SchemaData schemaUrl="#Distrito_VILLA_YGATIM__.schema">
            <SimpleData name="CÈdula">7773200.00000000000</SimpleData>
            <SimpleData name="cedula">7773200</SimpleData>
            <SimpleData name="N">251.00000000000</SimpleData>
            <SimpleData name="Nombres_y_">CHINITA TAYJANGA</SimpleData>
            <SimpleData name="Sexo">Mujer</SimpleData>
            <SimpleData name="Cambio_de_">NO</SimpleData>
            <SimpleData name="Titular_se">NO</SimpleData>
            <SimpleData name="SituaciÛn">NO</SimpleData>
            <SimpleData name="Comunidad">Ind?gena</SimpleData>
            <SimpleData name="Modelo_imp">Modelo 4</SimpleData>
            <SimpleData name="Departamen">CANINDEYU</SimpleData>
            <SimpleData name="Distrito">VILLA YGATIM?</SimpleData>
            <SimpleData name="Localidad">COM INDIG CHUPA POU</SimpleData>
            <SimpleData name="TelÈfono">0986555703</SimpleData>
            <SimpleData name="Vivienda_L">-24.20881340000</SimpleData>
            <SimpleData name="Vivienda_1">-55.67539390000</SimpleData>
            <SimpleData name="Superficie">0.70000000000</SimpleData>
            <SimpleData name="Situaci_1">Pol?gono</SimpleData>
            <SimpleData name="Plantado">Si</SimpleData>
            <SimpleData name="Parcela_La">-24.21851202000</SimpleData>
            <SimpleData name="Parcela_Lo">-55.70794804000</SimpleData>
            <SimpleData name="Grupo_Impl">G2</SimpleData>
            <SimpleData name="Grupo_de_P">H-P2-P10P10-XX-XX</SimpleData>
            <SimpleData name="Jornales">4.00000000000</SimpleData>
            <SimpleData name="Monto">446008.00000000000</SimpleData>
            <SimpleData name="Estado_del">Activo</SimpleData>
            <SimpleData name="Empresa">Hyh Consultores SRL</SimpleData>
            <SimpleData name="Lote">H</SimpleData>
            <SimpleData name="Monitorear">No</SimpleData>
            <SimpleData name="Fecha_de_M">-</SimpleData>
            <SimpleData name="F__de_pren">-</SimpleData>
            <SimpleData name="Estado_FAO">Monitorear</SimpleData>
            <SimpleData name="Etapa_de_i">Mantenimiento A?o 1.2</SimpleData>
            <SimpleData name="Fecha_visi">2026/09/07</SimpleData>
            <SimpleData name="Cumple_sup">Si</SimpleData>
            <SimpleData name="Estado_mon">-</SimpleData>
            <SimpleData name="Situaci_12">-</SimpleData>
            <SimpleData name="Dias_trans">13.19563657410</SimpleData>
            <SimpleData name="Prioridad">ALTA</SimpleData>
          </SchemaData>
        </ExtendedData>
        <Point>
          <coordinates>
            -55.7079480441857,-24.2185120153538,0
          </coordinates>
        </Point>
      </Placemark>
      <Placemark id="Distrito_VILLA_YGATIM__.9">
        <ExtendedData>
          <SchemaData schemaUrl="#Distrito_VILLA_YGATIM__.schema">
            <SimpleData name="CÈdula">7906165.00000000000</SimpleData>
            <SimpleData name="cedula">7906165</SimpleData>
            <SimpleData name="N">216.00000000000</SimpleData>
            <SimpleData name="Nombres_y_">MARIA ANTONIA ROMERO MENDOZA</SimpleData>
            <SimpleData name="Sexo">Mujer</SimpleData>
            <SimpleData name="Cambio_de_">NO</SimpleData>
            <SimpleData name="Titular_se">NO</SimpleData>
            <SimpleData name="SituaciÛn">NO</SimpleData>
            <SimpleData name="Comunidad">Campesina</SimpleData>
            <SimpleData name="Modelo_imp">Modelo 5</SimpleData>
            <SimpleData name="Departamen">CANINDEYU</SimpleData>
            <SimpleData name="Distrito">VILLA YGATIM?</SimpleData>
            <SimpleData name="Localidad">SAN BLAS</SimpleData>
            <SimpleData name="TelÈfono">0984711589</SimpleData>
            <SimpleData name="Vivienda_L">-24.01253560000</SimpleData>
            <SimpleData name="Vivienda_1">-55.66007740000</SimpleData>
            <SimpleData name="Superficie">0.70000000000</SimpleData>
            <SimpleData name="Situaci_1">Par?metro</SimpleData>
            <SimpleData name="Plantado">Si</SimpleData>
            <SimpleData name="Parcela_La">-24.01705729000</SimpleData>
            <SimpleData name="Parcela_Lo">-55.65978997000</SimpleData>
            <SimpleData name="Grupo_Impl">G2</SimpleData>
            <SimpleData name="Grupo_de_P">H-P8-XX-XX-XX</SimpleData>
            <SimpleData name="Jornales">0.00000000000</SimpleData>
            <SimpleData name="Monto">0.00000000000</SimpleData>
            <SimpleData name="Estado_del">Activo</SimpleData>
            <SimpleData name="Empresa">Hyh Consultores SRL</SimpleData>
            <SimpleData name="Lote">H</SimpleData>
            <SimpleData name="Monitorear">Si</SimpleData>
            <SimpleData name="Fecha_de_M">-</SimpleData>
            <SimpleData name="F__de_pren">-</SimpleData>
            <SimpleData name="Estado_FAO">Monitorear</SimpleData>
            <SimpleData name="Etapa_de_i">Mantenimiento A?o 1.1</SimpleData>
            <SimpleData name="Fecha_visi">2026/09/04</SimpleData>
            <SimpleData name="Cumple_sup">Si</SimpleData>
            <SimpleData name="Estado_mon">-</SimpleData>
            <SimpleData name="Situaci_12">-</SimpleData>
            <SimpleData name="Observaci">-</SimpleData>
            <SimpleData name="Dias_trans">16.24778935190</SimpleData>
            <SimpleData name="Prioridad">ALTA</SimpleData>
          </SchemaData>
        </ExtendedData>
        <Point>
          <coordinates>
            -55.659789965797,-24.0170572929538,0
          </coordinates>
        </Point>
      </Placemark>
      <Placemark id="Distrito_VILLA_YGATIM__.10">
        <ExtendedData>
          <SchemaData schemaUrl="#Distrito_VILLA_YGATIM__.schema">
            <SimpleData name="CÈdula">4173683.00000000000</SimpleData>
            <SimpleData name="cedula">4173683</SimpleData>
            <SimpleData name="N">230.00000000000</SimpleData>
            <SimpleData name="Nombres_y_">JUANA MBEPURANGI</SimpleData>
            <SimpleData name="Sexo">Mujer</SimpleData>
            <SimpleData name="Cambio_de_">NO</SimpleData>
            <SimpleData name="Titular_se">NO</SimpleData>
            <SimpleData name="SituaciÛn">NO</SimpleData>
            <SimpleData name="Comunidad">Ind?gena</SimpleData>
            <SimpleData name="Modelo_imp">Modelo 1</SimpleData>
            <SimpleData name="Departamen">CANINDEYU</SimpleData>
            <SimpleData name="Distrito">VILLA YGATIM?</SimpleData>
            <SimpleData name="Localidad">COM INDIG CHUPA POU</SimpleData>
            <SimpleData name="TelÈfono">0986557246</SimpleData>
            <SimpleData name="Vivienda_L">-24.20861310000</SimpleData>
            <SimpleData name="Vivienda_1">-55.67625360000</SimpleData>
            <SimpleData name="Superficie">0.80000000000</SimpleData>
            <SimpleData name="Situaci_1">Pol?gono</SimpleData>
            <SimpleData name="Plantado">Si</SimpleData>
            <SimpleData name="Parcela_La">-24.19838915000</SimpleData>
            <SimpleData name="Parcela_Lo">-55.66635671000</SimpleData>
            <SimpleData name="Grupo_Impl">G2</SimpleData>
            <SimpleData name="Grupo_de_P">H-P2-P10P10-XX-XX</SimpleData>
            <SimpleData name="Jornales">4.00000000000</SimpleData>
            <SimpleData name="Monto">446008.00000000000</SimpleData>
            <SimpleData name="Estado_del">Activo</SimpleData>
            <SimpleData name="Empresa">Hyh Consultores SRL</SimpleData>
            <SimpleData name="Lote">H</SimpleData>
            <SimpleData name="Monitorear">No</SimpleData>
            <SimpleData name="Fecha_de_M">24/7/2026</SimpleData>
            <SimpleData name="F__de_pren">80</SimpleData>
            <SimpleData name="Estado_FAO">Monitorear Reposicion</SimpleData>
            <SimpleData name="Etapa_de_i">Mantenimiento A?o 1.2</SimpleData>
            <SimpleData name="Fecha_visi">2026/07/18</SimpleData>
            <SimpleData name="Cumple_sup">Si</SimpleData>
            <SimpleData name="Estado_mon">?????? NO CUMPLE ??????</SimpleData>
            <SimpleData name="Situaci_12">Al momento del monitoreo de mantenimiento y asistencia t?cnica se observa que la parcela no cumple con las especificaciones t?cnicas establecidas. Se visualiza faltantes de especies forestales nativas y eucalipto. La reposici?n realizada se encuentra</SimpleData>
            <SimpleData name="Dias_trans">64.31748842590</SimpleData>
            <SimpleData name="Prioridad">ALTA</SimpleData>
          </SchemaData>
        </ExtendedData>
        <Point>
          <coordinates>
            -55.6663567081687,-24.1983891501352,0
          </coordinates>
        </Point>
      </Placemark>
      <Placemark id="Distrito_VILLA_YGATIM__.11">
        <ExtendedData>
          <SchemaData schemaUrl="#Distrito_VILLA_YGATIM__.schema">
            <SimpleData name="CÈdula">7353912.00000000000</SimpleData>
            <SimpleData name="cedula">7353912</SimpleData>
            <SimpleData name="N">239.00000000000</SimpleData>
            <SimpleData name="Nombres_y_">NATHANAEL ROMERO MARTINEZ</SimpleData>
            <SimpleData name="Sexo">Hombre</SimpleData>
            <SimpleData name="Cambio_de_">NO</SimpleData>
            <SimpleData name="Titular_se">NO</SimpleData>
            <SimpleData name="SituaciÛn">NO</SimpleData>
            <SimpleData name="Comunidad">Ind?gena</SimpleData>
            <SimpleData name="Modelo_imp">Modelo 5</SimpleData>
            <SimpleData name="Departamen">CANINDEYU</SimpleData>
            <SimpleData name="Distrito">VILLA YGATIM?</SimpleData>
            <SimpleData name="Localidad">COM INDIG ARROYO MOKOI - YVA POTY</SimpleData>
            <SimpleData name="TelÈfono">0985313988</SimpleData>
            <SimpleData name="Vivienda_L">-24.04098320000</SimpleData>
            <SimpleData name="Vivienda_1">-55.53997670000</SimpleData>
            <SimpleData name="Superficie">0.70000000000</SimpleData>
            <SimpleData name="Situaci_1">Pol?gono</SimpleData>
            <SimpleData name="Plantado">Si</SimpleData>
            <SimpleData name="Parcela_La">-24.04191341000</SimpleData>
            <SimpleData name="Parcela_Lo">-55.53879783000</SimpleData>
            <SimpleData name="Grupo_Impl">G2</SimpleData>
            <SimpleData name="Grupo_de_P">H-P5-XX-XX-XX</SimpleData>
            <SimpleData name="Jornales">0.00000000000</SimpleData>
            <SimpleData name="Monto">0.00000000000</SimpleData>
            <SimpleData name="Estado_del">Activo</SimpleData>
            <SimpleData name="Empresa">Hyh Consultores SRL</SimpleData>
            <SimpleData name="Lote">H</SimpleData>
            <SimpleData name="Monitorear">No</SimpleData>
            <SimpleData name="Fecha_de_M">16/7/2026</SimpleData>
            <SimpleData name="F__de_pren">60</SimpleData>
            <SimpleData name="Estado_FAO">Monitorear Reposicion</SimpleData>
            <SimpleData name="Etapa_de_i">Mantenimiento A?o 1.1</SimpleData>
            <SimpleData name="Fecha_visi">2026/09/14</SimpleData>
            <SimpleData name="Cumple_sup">Si</SimpleData>
            <SimpleData name="Estado_mon">??????NO CUMPLE??????</SimpleData>
            <SimpleData name="Situaci_12">Al momento  del  monitoreo de mantenimiento y asistencia t?cnica se observa que la parcela no cumple con las especificaciones t?cnicas establecidas.  Se visualiza p?rdida de injerto, ataque de hormigas cortadoras y reposici?n realizada solo en una pa</SimpleData>
            <SimpleData name="Dias_trans">6.32378472222</SimpleData>
            <SimpleData name="Prioridad">ALTA</SimpleData>
          </SchemaData>
        </ExtendedData>
        <Point>
          <coordinates>
            -55.5387978289143,-24.0419134063085,0
          </coordinates>
        </Point>
      </Placemark>
      <Placemark id="Distrito_VILLA_YGATIM__.12">
        <ExtendedData>
          <SchemaData schemaUrl="#Distrito_VILLA_YGATIM__.schema">
            <SimpleData name="CÈdula">5752665.00000000000</SimpleData>
            <SimpleData name="cedula">5752665</SimpleData>
            <SimpleData name="N">274.00000000000</SimpleData>
            <SimpleData name="Nombres_y_">MARCELA VARUKUGI PIKYGI MBYVANGI</SimpleData>
            <SimpleData name="Sexo">Mujer</SimpleData>
            <SimpleData name="Cambio_de_">NO</SimpleData>
            <SimpleData name="Titular_se">NO</SimpleData>
            <SimpleData name="SituaciÛn">NO</SimpleData>
            <SimpleData name="Comunidad">Ind?gena</SimpleData>
            <SimpleData name="Modelo_imp">Modelo 4</SimpleData>
            <SimpleData name="Departamen">CANINDEYU</SimpleData>
            <SimpleData name="Distrito">VILLA YGATIM?</SimpleData>
            <SimpleData name="Localidad">COM INDIG CHUPA POU</SimpleData>
            <SimpleData name="TelÈfono">1234567890</SimpleData>
            <SimpleData name="Vivienda_L">-24.21215000000</SimpleData>
            <SimpleData name="Vivienda_1">-55.67073170000</SimpleData>
            <SimpleData name="Superficie">0.70000000000</SimpleData>
            <SimpleData name="Situaci_1">Pol?gono</SimpleData>
            <SimpleData name="Plantado">Si</SimpleData>
            <SimpleData name="Parcela_La">-24.21773564000</SimpleData>
            <SimpleData name="Parcela_Lo">-55.70950770000</SimpleData>
            <SimpleData name="Grupo_Impl">G2</SimpleData>
            <SimpleData name="Grupo_de_P">H-P3-P10P10-XX-XX</SimpleData>
            <SimpleData name="Jornales">4.00000000000</SimpleData>
            <SimpleData name="Monto">446008.00000000000</SimpleData>
            <SimpleData name="Estado_del">Activo</SimpleData>
            <SimpleData name="Empresa">Hyh Consultores SRL</SimpleData>
            <SimpleData name="Lote">H</SimpleData>
            <SimpleData name="Monitorear">No</SimpleData>
            <SimpleData name="Fecha_de_M">-</SimpleData>
            <SimpleData name="F__de_pren">-</SimpleData>
            <SimpleData name="Estado_FAO">Monitorear</SimpleData>
            <SimpleData name="Etapa_de_i">Mantenimiento A?o 1.2</SimpleData>
            <SimpleData name="Fecha_visi">2026/09/13</SimpleData>
            <SimpleData name="Cumple_sup">Si</SimpleData>
            <SimpleData name="Estado_mon">-</SimpleData>
            <SimpleData name="Situaci_12">-</SimpleData>
            <SimpleData name="Dias_trans">7.14687500000</SimpleData>
            <SimpleData name="Prioridad">ALTA</SimpleData>
          </SchemaData>
        </ExtendedData>
        <Point>
          <coordinates>
            -55.7095077039155,-24.2177356360558,0
          </coordinates>
        </Point>
      </Placemark>
      <Placemark id="Distrito_VILLA_YGATIM__.13">
        <ExtendedData>
          <SchemaData schemaUrl="#Distrito_VILLA_YGATIM__.schema">
            <SimpleData name="CÈdula">4939933.00000000000</SimpleData>
            <SimpleData name="cedula">4939933</SimpleData>
            <SimpleData name="N">228.00000000000</SimpleData>
            <SimpleData name="Nombres_y_">EMILIA ROJAS GONZALEZ</SimpleData>
            <SimpleData name="Sexo">Mujer</SimpleData>
            <SimpleData name="Cambio_de_">NO</SimpleData>
            <SimpleData name="Titular_se">NO</SimpleData>
            <SimpleData name="SituaciÛn">NO</SimpleData>
            <SimpleData name="Comunidad">Ind?gena</SimpleData>
            <SimpleData name="Modelo_imp">Modelo 2</SimpleData>
            <SimpleData name="Departamen">CANINDEYU</SimpleData>
            <SimpleData name="Distrito">VILLA YGATIM?</SimpleData>
            <SimpleData name="Localidad">COM INDIG MBOI JAGUA ? CENTRO</SimpleData>
            <SimpleData name="TelÈfono">0985306498</SimpleData>
            <SimpleData name="Vivienda_L">-24.12199950000</SimpleData>
            <SimpleData name="Vivienda_1">-55.57920980000</SimpleData>
            <SimpleData name="Superficie">0.80000000000</SimpleData>
            <SimpleData name="Situaci_1">Pol?gono</SimpleData>
            <SimpleData name="Plantado">Si</SimpleData>
            <SimpleData name="Parcela_La">-24.12133943000</SimpleData>
            <SimpleData name="Parcela_Lo">-55.57848438000</SimpleData>
            <SimpleData name="Grupo_Impl">G2</SimpleData>
            <SimpleData name="Grupo_de_P">H-P2-P10P10-XX-XX</SimpleData>
            <SimpleData name="Jornales">4.00000000000</SimpleData>
            <SimpleData name="Monto">446008.00000000000</SimpleData>
            <SimpleData name="Estado_del">Activo</SimpleData>
            <SimpleData name="Empresa">Hyh Consultores SRL</SimpleData>
            <SimpleData name="Lote">H</SimpleData>
            <SimpleData name="Monitorear">Si</SimpleData>
            <SimpleData name="Fecha_de_M">23/7/2026</SimpleData>
            <SimpleData name="F__de_pren">60</SimpleData>
            <SimpleData name="Estado_FAO">Monitorear Reposicion</SimpleData>
            <SimpleData name="Etapa_de_i">Mantenimiento A?o 1.2</SimpleData>
            <SimpleData name="Fecha_visi">2026/07/11</SimpleData>
            <SimpleData name="Cumple_sup">Si</SimpleData>
            <SimpleData name="Estado_mon">?????? NO CUMPLE ??????</SimpleData>
            <SimpleData name="Situaci_12">Al momento del monitoreo de mantenimiento y asistencia t?cnica se observa que la parcela 1 no cumple con las especificaciones t?cnicas establecidas por falta de especies forestales nativas y eucalipto. Se visualiza adem?s presencia importante de malez</SimpleData>
            <SimpleData name="Dias_trans">71.40277777780</SimpleData>
            <SimpleData name="Prioridad">ALTA</SimpleData>
          </SchemaData>
        </ExtendedData>
        <MultiGeometry>
          <Point>
            <coordinates>
              -55.5791956765983,-24.1225331523055,0
            </coordinates>
          </Point>
          <Point>
            <coordinates>
              -55.5784843792596,-24.1213394267218,0
            </coordinates>
          </Point>
        </MultiGeometry>
      </Placemark>
      <Placemark id="Distrito_VILLA_YGATIM__.14">
        <ExtendedData>
          <SchemaData schemaUrl="#Distrito_VILLA_YGATIM__.schema">
            <SimpleData name="CÈdula">6740324.00000000000</SimpleData>
            <SimpleData name="cedula">6740324</SimpleData>
            <SimpleData name="N">260.00000000000</SimpleData>
            <SimpleData name="Nombres_y_">CARINA CHAMORRO DELMONTE</SimpleData>
            <SimpleData name="Sexo">Mujer</SimpleData>
            <SimpleData name="Cambio_de_">NO</SimpleData>
            <SimpleData name="Titular_se">NO</SimpleData>
            <SimpleData name="SituaciÛn">NO</SimpleData>
            <SimpleData name="Comunidad">Ind?gena</SimpleData>
            <SimpleData name="Modelo_imp">Modelo 2</SimpleData>
            <SimpleData name="Departamen">CANINDEYU</SimpleData>
            <SimpleData name="Distrito">VILLA YGATIM?</SimpleData>
            <SimpleData name="Localidad">COM INDIG ARROYO MOKOI - YVA POTY</SimpleData>
            <SimpleData name="TelÈfono">0986889458</SimpleData>
            <SimpleData name="Vivienda_L">-24.03806210000</SimpleData>
            <SimpleData name="Vivienda_1">-55.53394300000</SimpleData>
            <SimpleData name="Superficie">0.80000000000</SimpleData>
            <SimpleData name="Situaci_1">Pol?gono</SimpleData>
            <SimpleData name="Plantado">Si</SimpleData>
            <SimpleData name="Parcela_La">-24.03844089000</SimpleData>
            <SimpleData name="Parcela_Lo">-55.53311654000</SimpleData>
            <SimpleData name="Grupo_Impl">G2</SimpleData>
            <SimpleData name="Grupo_de_P">H-P5-XX-XX-XX</SimpleData>
            <SimpleData name="Jornales">0.00000000000</SimpleData>
            <SimpleData name="Monto">0.00000000000</SimpleData>
            <SimpleData name="Estado_del">Activo</SimpleData>
            <SimpleData name="Empresa">Hyh Consultores SRL</SimpleData>
            <SimpleData name="Lote">H</SimpleData>
            <SimpleData name="Monitorear">No</SimpleData>
            <SimpleData name="Fecha_de_M">16/7/2026</SimpleData>
            <SimpleData name="F__de_pren">60</SimpleData>
            <SimpleData name="Estado_FAO">Monitorear Reposicion</SimpleData>
            <SimpleData name="Etapa_de_i">Mantenimiento A?o 1.1</SimpleData>
            <SimpleData name="Fecha_visi">2026/09/07</SimpleData>
            <SimpleData name="Cumple_sup">Si</SimpleData>
            <SimpleData name="Estado_mon">?????? NO CUMPLE ??????</SimpleData>
            <SimpleData name="Situaci_12">Al momento  del monitoreo de mantenimiento y asistencia t?cnica se observa que la parcela no cumple con las especificaciones t?cnicas establecidas. Se visualiza una alta cantidad de especies forestales nativas y de r?pido crecimiento prendimiento. Se</SimpleData>
            <SimpleData name="Dias_trans">13.18454861110</SimpleData>
            <SimpleData name="Prioridad">ALTA</SimpleData>
          </SchemaData>
        </ExtendedData>
        <Point>
          <coordinates>
            -55.533116539891,-24.0384408901852,0
          </coordinates>
        </Point>
      </Placemark>
      <Placemark id="Distrito_VILLA_YGATIM__.15">
        <ExtendedData>
          <SchemaData schemaUrl="#Distrito_VILLA_YGATIM__.schema">
            <SimpleData name="CÈdula">4180676.00000000000</SimpleData>
            <SimpleData name="cedula">4180676</SimpleData>
            <SimpleData name="N">245.00000000000</SimpleData>
            <SimpleData name="Nombres_y_">INOCENCIA GONZALEZ GAUTO</SimpleData>
            <SimpleData name="Sexo">Mujer</SimpleData>
            <SimpleData name="Cambio_de_">NO</SimpleData>
            <SimpleData name="Titular_se">NO</SimpleData>
            <SimpleData name="SituaciÛn">NO</SimpleData>
            <SimpleData name="Comunidad">Ind?gena</SimpleData>
            <SimpleData name="Modelo_imp">Modelo 6</SimpleData>
            <SimpleData name="Departamen">CANINDEYU</SimpleData>
            <SimpleData name="Distrito">VILLA YGATIM?</SimpleData>
            <SimpleData name="Localidad">COM INDIG ITANARAMI 8 DE DICIEMBRE</SimpleData>
            <SimpleData name="TelÈfono">0981153533</SimpleData>
            <SimpleData name="Vivienda_L">-24.08781770000</SimpleData>
            <SimpleData name="Vivienda_1">-55.70266220000</SimpleData>
            <SimpleData name="Superficie">0.90000000000</SimpleData>
            <SimpleData name="Situaci_1">Pol?gono</SimpleData>
            <SimpleData name="Plantado">Si</SimpleData>
            <SimpleData name="Parcela_La">-24.08844971000</SimpleData>
            <SimpleData name="Parcela_Lo">-55.70327349000</SimpleData>
            <SimpleData name="Grupo_Impl">G2</SimpleData>
            <SimpleData name="Grupo_de_P">H-P2-XX-XX-XX</SimpleData>
            <SimpleData name="Jornales">0.00000000000</SimpleData>
            <SimpleData name="Monto">0.00000000000</SimpleData>
            <SimpleData name="Estado_del">Activo</SimpleData>
            <SimpleData name="Empresa">Hyh Consultores SRL</SimpleData>
            <SimpleData name="Lote">H</SimpleData>
            <SimpleData name="Monitorear">No</SimpleData>
            <SimpleData name="Fecha_de_M">-</SimpleData>
            <SimpleData name="F__de_pren">-</SimpleData>
            <SimpleData name="Estado_FAO">Verificar posible desercion</SimpleData>
            <SimpleData name="Etapa_de_i">Mantenimiento A?o 1.1</SimpleData>
            <SimpleData name="Fecha_visi">2026/09/01</SimpleData>
            <SimpleData name="Cumple_sup">Si</SimpleData>
            <SimpleData name="Estado_mon">-</SimpleData>
            <SimpleData name="Situaci_12">-</SimpleData>
            <SimpleData name="Observaci">Falta de inter?s o no ve el beneficio;;Parcela abandonada</SimpleData>
            <SimpleData name="Dias_trans">19.34546197920</SimpleData>
            <SimpleData name="Prioridad">ALTA</SimpleData>
          </SchemaData>
        </ExtendedData>
        <Point>
          <coordinates>
            -55.703273486325,-24.0884497124442,0
          </coordinates>
        </Point>
      </Placemark>
      <Placemark id="Distrito_VILLA_YGATIM__.16">
        <ExtendedData>
          <SchemaData schemaUrl="#Distrito_VILLA_YGATIM__.schema">
            <SimpleData name="CÈdula">6823815.00000000000</SimpleData>
            <SimpleData name="cedula">6823815</SimpleData>
            <SimpleData name="N">267.00000000000</SimpleData>
            <SimpleData name="Nombres_y_">ESTANILAA ISASI ALEGRE</SimpleData>
            <SimpleData name="Sexo">Mujer</SimpleData>
            <SimpleData name="Cambio_de_">NO</SimpleData>
            <SimpleData name="Titular_se">NO</SimpleData>
            <SimpleData name="SituaciÛn">NO</SimpleData>
            <SimpleData name="Comunidad">Ind?gena</SimpleData>
            <SimpleData name="Modelo_imp">Modelo 1</SimpleData>
            <SimpleData name="Departamen">CANINDEYU</SimpleData>
            <SimpleData name="Distrito">VILLA YGATIM?</SimpleData>
            <SimpleData name="Localidad">COM INDIG MBOI JAGUA ? PINDOTY</SimpleData>
            <SimpleData name="TelÈfono">986103109</SimpleData>
            <SimpleData name="Vivienda_L">-24.12601330000</SimpleData>
            <SimpleData name="Vivienda_1">-55.58904170000</SimpleData>
            <SimpleData name="Superficie">0.80000000000</SimpleData>
            <SimpleData name="Situaci_1">Parametro</SimpleData>
            <SimpleData name="Plantado">Si</SimpleData>
            <SimpleData name="Parcela_La">-24.13307285000</SimpleData>
            <SimpleData name="Parcela_Lo">-55.58547238000</SimpleData>
            <SimpleData name="Grupo_Impl">G2</SimpleData>
            <SimpleData name="Grupo_de_P">H-P8-XX-XX-XX</SimpleData>
            <SimpleData name="Jornales">0.00000000000</SimpleData>
            <SimpleData name="Monto">0.00000000000</SimpleData>
            <SimpleData name="Estado_del">Activo</SimpleData>
            <SimpleData name="Empresa">Hyh Consultores SRL</SimpleData>
            <SimpleData name="Lote">H</SimpleData>
            <SimpleData name="Monitorear">Si</SimpleData>
            <SimpleData name="Fecha_de_M">-</SimpleData>
            <SimpleData name="F__de_pren">-</SimpleData>
            <SimpleData name="Estado_FAO">Verificar posible desercion</SimpleData>
            <SimpleData name="Etapa_de_i">Mantenimiento A?o 1.1</SimpleData>
            <SimpleData name="Fecha_visi">2026/09/17</SimpleData>
            <SimpleData name="Cumple_sup">Si</SimpleData>
            <SimpleData name="Estado_mon">-</SimpleData>
            <SimpleData name="Situaci_12">-</SimpleData>
            <SimpleData name="Observaci">Conflicto de tierra familiar;;La mitad de la parcela se Alambr? y se usa como piquete de ganado</SimpleData>
            <SimpleData name="Dias_trans">3.56637435185</SimpleData>
            <SimpleData name="Prioridad">ALTA</SimpleData>
          </SchemaData>
        </ExtendedData>
        <Point>
          <coordinates>
            -55.5854723787991,-24.1330728480297,0
          </coordinates>
        </Point>
      </Placemark>
      <Placemark id="Distrito_VILLA_YGATIM__.17">
        <ExtendedData>
          <SchemaData schemaUrl="#Distrito_VILLA_YGATIM__.schema">
            <SimpleData name="CÈdula">5968759.00000000000</SimpleData>
            <SimpleData name="cedula">5968759</SimpleData>
            <SimpleData name="N">265.00000000000</SimpleData>
            <SimpleData name="Nombres_y_">ISABEL CHACHUPURANGI CHIMBEGI CHEVUGI</SimpleData>
            <SimpleData name="Sexo">Mujer</SimpleData>
            <SimpleData name="Cambio_de_">NO</SimpleData>
            <SimpleData name="Titular_se">NO</SimpleData>
            <SimpleData name="SituaciÛn">NO</SimpleData>
            <SimpleData name="Comunidad">Ind?gena</SimpleData>
            <SimpleData name="Modelo_imp">Modelo 1</SimpleData>
            <SimpleData name="Departamen">CANINDEYU</SimpleData>
            <SimpleData name="Distrito">VILLA YGATIM?</SimpleData>
            <SimpleData name="Localidad">COM INDIG CHUPA POU</SimpleData>
            <SimpleData name="TelÈfono">0986554624</SimpleData>
            <SimpleData name="Vivienda_L">-24.21616870000</SimpleData>
            <SimpleData name="Vivienda_1">-55.66569410000</SimpleData>
            <SimpleData name="Superficie">0.80000000000</SimpleData>
            <SimpleData name="Situaci_1">Pol?gono</SimpleData>
            <SimpleData name="Plantado">Si</SimpleData>
            <SimpleData name="Parcela_La">-24.21641079000</SimpleData>
            <SimpleData name="Parcela_Lo">-55.66644485000</SimpleData>
            <SimpleData name="Grupo_Impl">G2</SimpleData>
            <SimpleData name="Grupo_de_P">H-P2-P10P10-XX-XX</SimpleData>
            <SimpleData name="Jornales">4.00000000000</SimpleData>
            <SimpleData name="Monto">446008.00000000000</SimpleData>
            <SimpleData name="Estado_del">Activo</SimpleData>
            <SimpleData name="Empresa">Hyh Consultores SRL</SimpleData>
            <SimpleData name="Lote">H</SimpleData>
            <SimpleData name="Monitorear">No</SimpleData>
            <SimpleData name="Fecha_de_M">-</SimpleData>
            <SimpleData name="F__de_pren">-</SimpleData>
            <SimpleData name="Estado_FAO">Monitorear</SimpleData>
            <SimpleData name="Etapa_de_i">Mantenimiento A?o 1.2</SimpleData>
            <SimpleData name="Fecha_visi">2026/07/18</SimpleData>
            <SimpleData name="Cumple_sup">Si</SimpleData>
            <SimpleData name="Estado_mon">-</SimpleData>
            <SimpleData name="Situaci_12">-</SimpleData>
            <SimpleData name="Dias_trans">64.21017361110</SimpleData>
            <SimpleData name="Prioridad">ALTA</SimpleData>
          </SchemaData>
        </ExtendedData>
        <Point>
          <coordinates>
            -55.6664448540543,-24.2164107850518,0
          </coordinates>
        </Point>
      </Placemark>
      <Placemark id="Distrito_VILLA_YGATIM__.18">
        <ExtendedData>
          <SchemaData schemaUrl="#Distrito_VILLA_YGATIM__.schema">
            <SimpleData name="CÈdula">6852597.00000000000</SimpleData>
            <SimpleData name="cedula">6852597</SimpleData>
            <SimpleData name="N">270.00000000000</SimpleData>
            <SimpleData name="Nombres_y_">LUCINE  DELMONTE PIRIS</SimpleData>
            <SimpleData name="Sexo">Mujer</SimpleData>
            <SimpleData name="Cambio_de_">NO</SimpleData>
            <SimpleData name="Titular_se">NO</SimpleData>
            <SimpleData name="SituaciÛn">NO</SimpleData>
            <SimpleData name="Comunidad">Ind?gena</SimpleData>
            <SimpleData name="Modelo_imp">Modelo 1</SimpleData>
            <SimpleData name="Departamen">CANINDEYU</SimpleData>
            <SimpleData name="Distrito">VILLA YGATIM?</SimpleData>
            <SimpleData name="Localidad">COM INDIG MBOI JAGUA ? PINDOTY</SimpleData>
            <SimpleData name="TelÈfono">975296180</SimpleData>
            <SimpleData name="Vivienda_L">-24.12108580000</SimpleData>
            <SimpleData name="Vivienda_1">-55.58348890000</SimpleData>
            <SimpleData name="Superficie">0.80000000000</SimpleData>
            <SimpleData name="Situaci_1">Pol?gono</SimpleData>
            <SimpleData name="Plantado">Si</SimpleData>
            <SimpleData name="Parcela_La">-24.13544599000</SimpleData>
            <SimpleData name="Parcela_Lo">-55.57963010000</SimpleData>
            <SimpleData name="Grupo_Impl">G2</SimpleData>
            <SimpleData name="Grupo_de_P">H-P3-XX-XX-XX</SimpleData>
            <SimpleData name="Jornales">0.00000000000</SimpleData>
            <SimpleData name="Monto">0.00000000000</SimpleData>
            <SimpleData name="Estado_del">Activo</SimpleData>
            <SimpleData name="Empresa">Hyh Consultores SRL</SimpleData>
            <SimpleData name="Lote">H</SimpleData>
            <SimpleData name="Monitorear">Si</SimpleData>
            <SimpleData name="Fecha_de_M">-</SimpleData>
            <SimpleData name="F__de_pren">-</SimpleData>
            <SimpleData name="Estado_FAO">Verificar posible desercion</SimpleData>
            <SimpleData name="Etapa_de_i">Mantenimiento A?o 1.1</SimpleData>
            <SimpleData name="Fecha_visi">2026/09/04</SimpleData>
            <SimpleData name="Cumple_sup">Si</SimpleData>
            <SimpleData name="Estado_mon">-</SimpleData>
            <SimpleData name="Situaci_12">-</SimpleData>
            <SimpleData name="Observaci">Falta de inter?s o no ve el beneficio;;No tiene cultivo, Se quem? la parcela tambi?n la due?a est? fuera del pa?s trabajando</SimpleData>
            <SimpleData name="Dias_trans">16.62107491900</SimpleData>
            <SimpleData name="Prioridad">ALTA</SimpleData>
          </SchemaData>
        </ExtendedData>
        <Point>
          <coordinates>
            -55.5796300996915,-24.1354459883615,0
          </coordinates>
        </Point>
      </Placemark>
      <Placemark id="Distrito_VILLA_YGATIM__.19">
        <ExtendedData>
          <SchemaData schemaUrl="#Distrito_VILLA_YGATIM__.schema">
            <SimpleData name="CÈdula">6349048.00000000000</SimpleData>
            <SimpleData name="cedula">6349048</SimpleData>
            <SimpleData name="N">261.00000000000</SimpleData>
            <SimpleData name="Nombres_y_">ADAN MROMBEGI KMABUGI PIRAJUGI</SimpleData>
            <SimpleData name="Sexo">Hombre</SimpleData>
            <SimpleData name="Cambio_de_">NO</SimpleData>
            <SimpleData name="Titular_se">NO</SimpleData>
            <SimpleData name="SituaciÛn">NO</SimpleData>
            <SimpleData name="Comunidad">Ind?gena</SimpleData>
            <SimpleData name="Modelo_imp">Modelo 1</SimpleData>
            <SimpleData name="Departamen">CANINDEYU</SimpleData>
            <SimpleData name="Distrito">VILLA YGATIM?</SimpleData>
            <SimpleData name="Localidad">COM INDIG CHUPA POU</SimpleData>
            <SimpleData name="TelÈfono">0985555590</SimpleData>
            <SimpleData name="Vivienda_L">-24.20902630000</SimpleData>
            <SimpleData name="Vivienda_1">-55.67515710000</SimpleData>
            <SimpleData name="Superficie">0.80000000000</SimpleData>
            <SimpleData name="Situaci_1">Pol?gono</SimpleData>
            <SimpleData name="Plantado">Si</SimpleData>
            <SimpleData name="Parcela_La">-24.20769945000</SimpleData>
            <SimpleData name="Parcela_Lo">-55.67566177000</SimpleData>
            <SimpleData name="Grupo_Impl">G2</SimpleData>
            <SimpleData name="Grupo_de_P">H-P2-P10P10-XX-XX</SimpleData>
            <SimpleData name="Jornales">4.00000000000</SimpleData>
            <SimpleData name="Monto">446008.00000000000</SimpleData>
            <SimpleData name="Estado_del">Activo</SimpleData>
            <SimpleData name="Empresa">Hyh Consultores SRL</SimpleData>
            <SimpleData name="Lote">H</SimpleData>
            <SimpleData name="Monitorear">No</SimpleData>
            <SimpleData name="Fecha_de_M">-</SimpleData>
            <SimpleData name="F__de_pren">-</SimpleData>
            <SimpleData name="Estado_FAO">Monitorear</SimpleData>
            <SimpleData name="Etapa_de_i">Mantenimiento A?o 1.2</SimpleData>
            <SimpleData name="Fecha_visi">2026/09/03</SimpleData>
            <SimpleData name="Cumple_sup">Si</SimpleData>
            <SimpleData name="Estado_mon">-</SimpleData>
            <SimpleData name="Situaci_12">-</SimpleData>
            <SimpleData name="Dias_trans">17.30938657410</SimpleData>
            <SimpleData name="Prioridad">ALTA</SimpleData>
          </SchemaData>
        </ExtendedData>
        <Point>
          <coordinates>
            -55.6756617699527,-24.207699446197,0
          </coordinates>
        </Point>
      </Placemark>
      <Placemark id="Distrito_VILLA_YGATIM__.20">
        <ExtendedData>
          <SchemaData schemaUrl="#Distrito_VILLA_YGATIM__.schema">
            <SimpleData name="CÈdula">4845358.00000000000</SimpleData>
            <SimpleData name="cedula">4845358</SimpleData>
            <SimpleData name="N">280.00000000000</SimpleData>
            <SimpleData name="Nombres_y_">CRISTINA  CHEVUGI</SimpleData>
            <SimpleData name="Sexo">Mujer</SimpleData>
            <SimpleData name="Cambio_de_">NO</SimpleData>
            <SimpleData name="Titular_se">NO</SimpleData>
            <SimpleData name="SituaciÛn">NO</SimpleData>
            <SimpleData name="Comunidad">Ind?gena</SimpleData>
            <SimpleData name="Modelo_imp">Modelo 4</SimpleData>
            <SimpleData name="Departamen">CANINDEYU</SimpleData>
            <SimpleData name="Distrito">VILLA YGATIM?</SimpleData>
            <SimpleData name="Localidad">COM INDIG CHUPA POU</SimpleData>
            <SimpleData name="TelÈfono">983275720</SimpleData>
            <SimpleData name="Vivienda_L">-24.20899470000</SimpleData>
            <SimpleData name="Vivienda_1">-55.67598410000</SimpleData>
            <SimpleData name="Superficie">0.70000000000</SimpleData>
            <SimpleData name="Situaci_1">Pol?gono</SimpleData>
            <SimpleData name="Plantado">Si</SimpleData>
            <SimpleData name="Parcela_La">-24.21667322000</SimpleData>
            <SimpleData name="Parcela_Lo">-55.70866023000</SimpleData>
            <SimpleData name="Grupo_Impl">G2</SimpleData>
            <SimpleData name="Grupo_de_P">H-P3-P10P10-XX-XX</SimpleData>
            <SimpleData name="Jornales">4.00000000000</SimpleData>
            <SimpleData name="Monto">446008.00000000000</SimpleData>
            <SimpleData name="Estado_del">Activo</SimpleData>
            <SimpleData name="Empresa">Hyh Consultores SRL</SimpleData>
            <SimpleData name="Lote">H</SimpleData>
            <SimpleData name="Monitorear">No</SimpleData>
            <SimpleData name="Fecha_de_M">-</SimpleData>
            <SimpleData name="F__de_pren">-</SimpleData>
            <SimpleData name="Estado_FAO">Monitorear</SimpleData>
            <SimpleData name="Etapa_de_i">Mantenimiento A?o 1.2</SimpleData>
            <SimpleData name="Fecha_visi">2026/09/13</SimpleData>
            <SimpleData name="Cumple_sup">Si</SimpleData>
            <SimpleData name="Estado_mon">-</SimpleData>
            <SimpleData name="Situaci_12">-</SimpleData>
            <SimpleData name="Dias_trans">7.14375000000</SimpleData>
            <SimpleData name="Prioridad">ALTA</SimpleData>
          </SchemaData>
        </ExtendedData>
        <Point>
          <coordinates>
            -55.7086602259513,-24.2166732215485,0
          </coordinates>
        </Point>
      </Placemark>
      <Placemark id="Distrito_VILLA_YGATIM__.21">
        <ExtendedData>
          <SchemaData schemaUrl="#Distrito_VILLA_YGATIM__.schema">
            <SimpleData name="CÈdula">6823804.00000000000</SimpleData>
            <SimpleData name="cedula">6823804</SimpleData>
            <SimpleData name="N">246.00000000000</SimpleData>
            <SimpleData name="Nombres_y_">LUCIANA TAVAREZ MARTINEZ</SimpleData>
            <SimpleData name="Sexo">Mujer</SimpleData>
            <SimpleData name="Cambio_de_">NO</SimpleData>
            <SimpleData name="Titular_se">NO</SimpleData>
            <SimpleData name="SituaciÛn">NO</SimpleData>
            <SimpleData name="Comunidad">Ind?gena</SimpleData>
            <SimpleData name="Modelo_imp">Modelo 5</SimpleData>
            <SimpleData name="Departamen">CANINDEYU</SimpleData>
            <SimpleData name="Distrito">VILLA YGATIM?</SimpleData>
            <SimpleData name="Localidad">COM INDIG MBOI JAGUA ? CENTRO</SimpleData>
            <SimpleData name="TelÈfono">0976244117</SimpleData>
            <SimpleData name="Vivienda_L">-24.12719000000</SimpleData>
            <SimpleData name="Vivienda_1">-55.58206170000</SimpleData>
            <SimpleData name="Superficie">0.70000000000</SimpleData>
            <SimpleData name="Situaci_1">Pol?gono</SimpleData>
            <SimpleData name="Plantado">Si</SimpleData>
            <SimpleData name="Parcela_La">-24.13534392000</SimpleData>
            <SimpleData name="Parcela_Lo">-55.58046783000</SimpleData>
            <SimpleData name="Grupo_Impl">G2</SimpleData>
            <SimpleData name="Grupo_de_P">H-P2-XX-XX-XX</SimpleData>
            <SimpleData name="Jornales">0.00000000000</SimpleData>
            <SimpleData name="Monto">0.00000000000</SimpleData>
            <SimpleData name="Estado_del">Activo</SimpleData>
            <SimpleData name="Empresa">Hyh Consultores SRL</SimpleData>
            <SimpleData name="Lote">H</SimpleData>
            <SimpleData name="Monitorear">Si</SimpleData>
            <SimpleData name="Fecha_de_M">-</SimpleData>
            <SimpleData name="F__de_pren">-</SimpleData>
            <SimpleData name="Estado_FAO">Verificar posible desercion</SimpleData>
            <SimpleData name="Etapa_de_i">Mantenimiento A?o 1.1</SimpleData>
            <SimpleData name="Fecha_visi">2026/09/14</SimpleData>
            <SimpleData name="Cumple_sup">Si</SimpleData>
            <SimpleData name="Estado_mon">-</SimpleData>
            <SimpleData name="Situaci_12">-</SimpleData>
            <SimpleData name="Observaci">Falta de inter?s o no ve el beneficio;;La due?a ya no hacepta el monitoreo de los t?cnico de su parcela</SimpleData>
            <SimpleData name="Dias_trans">6.41555284723</SimpleData>
            <SimpleData name="Prioridad">ALTA</SimpleData>
          </SchemaData>
        </ExtendedData>
        <Point>
          <coordinates>
            -55.5804678315536,-24.1353439176753,0
          </coordinates>
        </Point>
      </Placemark>
      <Placemark id="Distrito_VILLA_YGATIM__.22">
        <ExtendedData>
          <SchemaData schemaUrl="#Distrito_VILLA_YGATIM__.schema">
            <SimpleData name="CÈdula">7964460.00000000000</SimpleData>
            <SimpleData name="cedula">7964460</SimpleData>
            <SimpleData name="N">214.00000000000</SimpleData>
            <SimpleData name="Nombres_y_">DANIELA ORTIZ BARRETO</SimpleData>
            <SimpleData name="Sexo">Mujer</SimpleData>
            <SimpleData name="Cambio_de_">NO</SimpleData>
            <SimpleData name="Titular_se">NO</SimpleData>
            <SimpleData name="SituaciÛn">NO</SimpleData>
            <SimpleData name="Comunidad">Campesina</SimpleData>
            <SimpleData name="Modelo_imp">Modelo 4</SimpleData>
            <SimpleData name="Departamen">CANINDEYU</SimpleData>
            <SimpleData name="Distrito">VILLA YGATIM?</SimpleData>
            <SimpleData name="Localidad">ARROYO GUAZU</SimpleData>
            <SimpleData name="TelÈfono">0976537394</SimpleData>
            <SimpleData name="Vivienda_L">-24.03659500000</SimpleData>
            <SimpleData name="Vivienda_1">-55.65772000000</SimpleData>
            <SimpleData name="Superficie">0.70000000000</SimpleData>
            <SimpleData name="Situaci_1">Pol?gono</SimpleData>
            <SimpleData name="Plantado">Si</SimpleData>
            <SimpleData name="Parcela_La">-24.03693321000</SimpleData>
            <SimpleData name="Parcela_Lo">-55.65859127000</SimpleData>
            <SimpleData name="Grupo_Impl">G2</SimpleData>
            <SimpleData name="Grupo_de_P">H-P5-XX-XX-XX</SimpleData>
            <SimpleData name="Jornales">0.00000000000</SimpleData>
            <SimpleData name="Monto">0.00000000000</SimpleData>
            <SimpleData name="Estado_del">Activo</SimpleData>
            <SimpleData name="Empresa">Hyh Consultores SRL</SimpleData>
            <SimpleData name="Lote">H</SimpleData>
            <SimpleData name="Monitorear">No</SimpleData>
            <SimpleData name="Fecha_de_M">12/3/2026</SimpleData>
            <SimpleData name="F__de_pren">50</SimpleData>
            <SimpleData name="Estado_FAO">Monitorear Reposicion</SimpleData>
            <SimpleData name="Etapa_de_i">Mantenimiento A?o 1.1</SimpleData>
            <SimpleData name="Fecha_visi">2026/08/31</SimpleData>
            <SimpleData name="Cumple_sup">Si</SimpleData>
            <SimpleData name="Estado_mon">??????NO CUMPLE??????</SimpleData>
            <SimpleData name="Situaci_12">En el momento del monitoreo la parcela se encuentra con picadas bien definidas, pero se observan p?rdidas significativas de plantines de yerba mate.</SimpleData>
            <SimpleData name="Dias_trans">20.36159722220</SimpleData>
            <SimpleData name="Prioridad">ALTA</SimpleData>
          </SchemaData>
        </ExtendedData>
        <Point>
          <coordinates>
            -55.6585912694263,-24.0369332121513,0
          </coordinates>
        </Point>
      </Placemark>
      <Placemark id="Distrito_VILLA_YGATIM__.23">
        <ExtendedData>
          <SchemaData schemaUrl="#Distrito_VILLA_YGATIM__.schema">
            <SimpleData name="CÈdula">6656854.00000000000</SimpleData>
            <SimpleData name="cedula">6656854</SimpleData>
            <SimpleData name="N">235.00000000000</SimpleData>
            <SimpleData name="Nombres_y_">REGINA ISASI GONZALEZ</SimpleData>
            <SimpleData name="Sexo">Mujer</SimpleData>
            <SimpleData name="Cambio_de_">NO</SimpleData>
            <SimpleData name="Titular_se">NO</SimpleData>
            <SimpleData name="SituaciÛn">NO</SimpleData>
            <SimpleData name="Comunidad">Ind?gena</SimpleData>
            <SimpleData name="Modelo_imp">Modelo 6</SimpleData>
            <SimpleData name="Departamen">CANINDEYU</SimpleData>
            <SimpleData name="Distrito">VILLA YGATIM?</SimpleData>
            <SimpleData name="Localidad">COM INDIG MBOI JAGUA ? PINDOTY</SimpleData>
            <SimpleData name="TelÈfono">0986551625</SimpleData>
            <SimpleData name="Vivienda_L">-24.12865130000</SimpleData>
            <SimpleData name="Vivienda_1">-55.59375790000</SimpleData>
            <SimpleData name="Superficie">0.90000000000</SimpleData>
            <SimpleData name="Situaci_1">Pol?gono</SimpleData>
            <SimpleData name="Plantado">Si</SimpleData>
            <SimpleData name="Parcela_La">-24.12565064000</SimpleData>
            <SimpleData name="Parcela_Lo">-55.59430208000</SimpleData>
            <SimpleData name="Grupo_Impl">G2</SimpleData>
            <SimpleData name="Grupo_de_P">H-P1-P4P4-XX-XX</SimpleData>
            <SimpleData name="Jornales">4.00000000000</SimpleData>
            <SimpleData name="Monto">446008.00000000000</SimpleData>
            <SimpleData name="Estado_del">Activo</SimpleData>
            <SimpleData name="Empresa">Hyh Consultores SRL</SimpleData>
            <SimpleData name="Lote">H</SimpleData>
            <SimpleData name="Monitorear">Si</SimpleData>
            <SimpleData name="Fecha_de_M">-</SimpleData>
            <SimpleData name="F__de_pren">-</SimpleData>
            <SimpleData name="Estado_FAO">Verificar posible desercion</SimpleData>
            <SimpleData name="Etapa_de_i">Mantenimiento A?o 1.2</SimpleData>
            <SimpleData name="Fecha_visi">2026/09/03</SimpleData>
            <SimpleData name="Cumple_sup">Si</SimpleData>
            <SimpleData name="Estado_mon">-</SimpleData>
            <SimpleData name="Situaci_12">-</SimpleData>
            <SimpleData name="Observaci">Falta de inter?s o no ve el beneficio;;En el momento de la visita se observa que la parcela est? abandonada y todo quemada</SimpleData>
            <SimpleData name="Dias_trans">17.33812152780</SimpleData>
            <SimpleData name="Prioridad">ALTA</SimpleData>
          </SchemaData>
        </ExtendedData>
        <Point>
          <coordinates>
            -55.5943020813125,-24.1256506381821,0
          </coordinates>
        </Point>
      </Placemark>
      <Placemark id="Distrito_VILLA_YGATIM__.24">
        <ExtendedData>
          <SchemaData schemaUrl="#Distrito_VILLA_YGATIM__.schema">
            <SimpleData name="CÈdula">6779670.00000000000</SimpleData>
            <SimpleData name="cedula">6779670</SimpleData>
            <SimpleData name="N">240.00000000000</SimpleData>
            <SimpleData name="Nombres_y_">CIRILO NICOLAS MEZA ORTIZ</SimpleData>
            <SimpleData name="Sexo">Hombre</SimpleData>
            <SimpleData name="Cambio_de_">NO</SimpleData>
            <SimpleData name="Titular_se">NO</SimpleData>
            <SimpleData name="SituaciÛn">NO</SimpleData>
            <SimpleData name="Comunidad">Ind?gena</SimpleData>
            <SimpleData name="Modelo_imp">Modelo 2</SimpleData>
            <SimpleData name="Departamen">CANINDEYU</SimpleData>
            <SimpleData name="Distrito">VILLA YGATIM?</SimpleData>
            <SimpleData name="Localidad">COM INDIG MBOI JAGUA ? PINDOTY</SimpleData>
            <SimpleData name="TelÈfono">0981698156</SimpleData>
            <SimpleData name="Vivienda_L">-24.12513710000</SimpleData>
            <SimpleData name="Vivienda_1">-55.58819260000</SimpleData>
            <SimpleData name="Superficie">0.80000000000</SimpleData>
            <SimpleData name="Situaci_1">Pol?gono</SimpleData>
            <SimpleData name="Plantado">Si</SimpleData>
            <SimpleData name="Parcela_La">-24.12467925000</SimpleData>
            <SimpleData name="Parcela_Lo">-55.58956763000</SimpleData>
            <SimpleData name="Grupo_Impl">G2</SimpleData>
            <SimpleData name="Grupo_de_P">H-P1-P4P4-XX-XX</SimpleData>
            <SimpleData name="Jornales">4.00000000000</SimpleData>
            <SimpleData name="Monto">446008.00000000000</SimpleData>
            <SimpleData name="Estado_del">Activo</SimpleData>
            <SimpleData name="Empresa">Hyh Consultores SRL</SimpleData>
            <SimpleData name="Lote">H</SimpleData>
            <SimpleData name="Monitorear">Si</SimpleData>
            <SimpleData name="Fecha_de_M">14/7/2026</SimpleData>
            <SimpleData name="F__de_pren">60</SimpleData>
            <SimpleData name="Estado_FAO">Monitorear Reposicion</SimpleData>
            <SimpleData name="Etapa_de_i">Mantenimiento A?o 1.2</SimpleData>
            <SimpleData name="Fecha_visi">2026/09/15</SimpleData>
            <SimpleData name="Cumple_sup">Si</SimpleData>
            <SimpleData name="Estado_mon">?????? NO CUMPLE ??????</SimpleData>
            <SimpleData name="Situaci_12">Al momento del monitoreo de mantenimiento y asistencia t?cnica se observa que la parcela no cumple con las especificaciones t?cnicas establecidas.  Se observa ataque de hormigas cortadoras,  malezas una parte de la parcela y especies forestales nativas</SimpleData>
            <SimpleData name="Dias_trans">5.45729166667</SimpleData>
            <SimpleData name="Prioridad">ALTA</SimpleData>
          </SchemaData>
        </ExtendedData>
        <Point>
          <coordinates>
            -55.5895676310514,-24.1246792506862,0
          </coordinates>
        </Point>
      </Placemark>
      <Placemark id="Distrito_VILLA_YGATIM__.25">
        <ExtendedData>
          <SchemaData schemaUrl="#Distrito_VILLA_YGATIM__.schema">
            <SimpleData name="CÈdula">2270351.00000000000</SimpleData>
            <SimpleData name="cedula">2270351</SimpleData>
            <SimpleData name="N">238.00000000000</SimpleData>
            <SimpleData name="Nombres_y_">ESTEBAN RODRIGUEZ</SimpleData>
            <SimpleData name="Sexo">Hombre</SimpleData>
            <SimpleData name="Cambio_de_">NO</SimpleData>
            <SimpleData name="Titular_se">NO</SimpleData>
            <SimpleData name="SituaciÛn">NO</SimpleData>
            <SimpleData name="Comunidad">Ind?gena</SimpleData>
            <SimpleData name="Modelo_imp">Modelo 5</SimpleData>
            <SimpleData name="Departamen">CANINDEYU</SimpleData>
            <SimpleData name="Distrito">VILLA YGATIM?</SimpleData>
            <SimpleData name="Localidad">COM INDIG SAN ANTONIO</SimpleData>
            <SimpleData name="TelÈfono">0986560441</SimpleData>
            <SimpleData name="Vivienda_L">-24.06058010000</SimpleData>
            <SimpleData name="Vivienda_1">-55.74494340000</SimpleData>
            <SimpleData name="Superficie">0.70000000000</SimpleData>
            <SimpleData name="Situaci_1">Pol?gono</SimpleData>
            <SimpleData name="Plantado">Si</SimpleData>
            <SimpleData name="Parcela_La">-24.06019979000</SimpleData>
            <SimpleData name="Parcela_Lo">-55.74418738000</SimpleData>
            <SimpleData name="Grupo_Impl">G2</SimpleData>
            <SimpleData name="Grupo_de_P">H-P5-P11X-XX-XX</SimpleData>
            <SimpleData name="Jornales">0.00000000000</SimpleData>
            <SimpleData name="Monto">0.00000000000</SimpleData>
            <SimpleData name="Estado_del">Activo</SimpleData>
            <SimpleData name="Empresa">Hyh Consultores SRL</SimpleData>
            <SimpleData name="Lote">H</SimpleData>
            <SimpleData name="Monitorear">No</SimpleData>
            <SimpleData name="Fecha_de_M">-</SimpleData>
            <SimpleData name="F__de_pren">-</SimpleData>
            <SimpleData name="Estado_FAO">Verificar posible desercion</SimpleData>
            <SimpleData name="Etapa_de_i">Mantenimiento A?o 1.1</SimpleData>
            <SimpleData name="Fecha_visi">2026/08/25</SimpleData>
            <SimpleData name="Cumple_sup">Si</SimpleData>
            <SimpleData name="Estado_mon">-</SimpleData>
            <SimpleData name="Situaci_12">-</SimpleData>
            <SimpleData name="Observaci">Falta de inter?s o no ve el beneficio;;Parcela abandonada</SimpleData>
            <SimpleData name="Dias_trans">26.61318252310</SimpleData>
            <SimpleData name="Prioridad">ALTA</SimpleData>
          </SchemaData>
        </ExtendedData>
        <Point>
          <coordinates>
            -55.7441873789103,-24.0601997916086,0
          </coordinates>
        </Point>
      </Placemark>
      <Placemark id="Distrito_VILLA_YGATIM__.26">
        <ExtendedData>
          <SchemaData schemaUrl="#Distrito_VILLA_YGATIM__.schema">
            <SimpleData name="CÈdula">4173735.00000000000</SimpleData>
            <SimpleData name="cedula">4173735</SimpleData>
            <SimpleData name="N">271.00000000000</SimpleData>
            <SimpleData name="Nombres_y_"><![CDATA[AURORA  FUA'AGI]]></SimpleData>
            <SimpleData name="Sexo">Mujer</SimpleData>
            <SimpleData name="Cambio_de_">NO</SimpleData>
            <SimpleData name="Titular_se">NO</SimpleData>
            <SimpleData name="SituaciÛn">NO</SimpleData>
            <SimpleData name="Comunidad">Ind?gena</SimpleData>
            <SimpleData name="Modelo_imp">Modelo 4</SimpleData>
            <SimpleData name="Departamen">CANINDEYU</SimpleData>
            <SimpleData name="Distrito">VILLA YGATIM?</SimpleData>
            <SimpleData name="Localidad">COM INDIG CHUPA POU</SimpleData>
            <SimpleData name="TelÈfono">986555307</SimpleData>
            <SimpleData name="Vivienda_L">-24.20898830000</SimpleData>
            <SimpleData name="Vivienda_1">-55.67647000000</SimpleData>
            <SimpleData name="Superficie">0.70000000000</SimpleData>
            <SimpleData name="Situaci_1">Pol?gono</SimpleData>
            <SimpleData name="Plantado">Si</SimpleData>
            <SimpleData name="Parcela_La">-24.23509516000</SimpleData>
            <SimpleData name="Parcela_Lo">-55.72656958000</SimpleData>
            <SimpleData name="Grupo_Impl">G2</SimpleData>
            <SimpleData name="Grupo_de_P">H-P3-P10P10-XX-XX</SimpleData>
            <SimpleData name="Jornales">4.00000000000</SimpleData>
            <SimpleData name="Monto">446008.00000000000</SimpleData>
            <SimpleData name="Estado_del">Activo</SimpleData>
            <SimpleData name="Empresa">Hyh Consultores SRL</SimpleData>
            <SimpleData name="Lote">H</SimpleData>
            <SimpleData name="Monitorear">No</SimpleData>
            <SimpleData name="Fecha_de_M">-</SimpleData>
            <SimpleData name="F__de_pren">-</SimpleData>
            <SimpleData name="Estado_FAO">Monitorear</SimpleData>
            <SimpleData name="Etapa_de_i">Mantenimiento A?o 1.2</SimpleData>
            <SimpleData name="Fecha_visi">2026/09/14</SimpleData>
            <SimpleData name="Cumple_sup">Si</SimpleData>
            <SimpleData name="Estado_mon">-</SimpleData>
            <SimpleData name="Situaci_12">-</SimpleData>
            <SimpleData name="Dias_trans">6.18833333333</SimpleData>
            <SimpleData name="Prioridad">ALTA</SimpleData>
          </SchemaData>
        </ExtendedData>
        <Point>
          <coordinates>
            -55.7265695845817,-24.2350951632839,0
          </coordinates>
        </Point>
      </Placemark>
      <Placemark id="Distrito_VILLA_YGATIM__.27">
        <ExtendedData>
          <SchemaData schemaUrl="#Distrito_VILLA_YGATIM__.schema">
            <SimpleData name="CÈdula">6349367.00000000000</SimpleData>
            <SimpleData name="cedula">6349367</SimpleData>
            <SimpleData name="N">254.00000000000</SimpleData>
            <SimpleData name="Nombres_y_">ESTELA MBEKUTUGI VELAZQUEZ GARCIA</SimpleData>
            <SimpleData name="Sexo">Mujer</SimpleData>
            <SimpleData name="Cambio_de_">NO</SimpleData>
            <SimpleData name="Titular_se">NO</SimpleData>
            <SimpleData name="SituaciÛn">NO</SimpleData>
            <SimpleData name="Comunidad">Ind?gena</SimpleData>
            <SimpleData name="Modelo_imp">Modelo 4</SimpleData>
            <SimpleData name="Departamen">CANINDEYU</SimpleData>
            <SimpleData name="Distrito">VILLA YGATIM?</SimpleData>
            <SimpleData name="Localidad">COM INDIG CHUPA POU</SimpleData>
            <SimpleData name="TelÈfono">0984710858</SimpleData>
            <SimpleData name="Vivienda_L">-24.21453200000</SimpleData>
            <SimpleData name="Vivienda_1">-55.66705580000</SimpleData>
            <SimpleData name="Superficie">0.70000000000</SimpleData>
            <SimpleData name="Situaci_1">Pol?gono</SimpleData>
            <SimpleData name="Plantado">Si</SimpleData>
            <SimpleData name="Parcela_La">-24.21781817000</SimpleData>
            <SimpleData name="Parcela_Lo">-55.70777813000</SimpleData>
            <SimpleData name="Grupo_Impl">G2</SimpleData>
            <SimpleData name="Grupo_de_P">H-P2-P10P10-XX-XX</SimpleData>
            <SimpleData name="Jornales">4.00000000000</SimpleData>
            <SimpleData name="Monto">446008.00000000000</SimpleData>
            <SimpleData name="Estado_del">Activo</SimpleData>
            <SimpleData name="Empresa">Hyh Consultores SRL</SimpleData>
            <SimpleData name="Lote">H</SimpleData>
            <SimpleData name="Monitorear">No</SimpleData>
            <SimpleData name="Fecha_de_M">-</SimpleData>
            <SimpleData name="F__de_pren">-</SimpleData>
            <SimpleData name="Estado_FAO">Monitorear</SimpleData>
            <SimpleData name="Etapa_de_i">Mantenimiento A?o 1.2</SimpleData>
            <SimpleData name="Fecha_visi">2026/09/07</SimpleData>
            <SimpleData name="Cumple_sup">Si</SimpleData>
            <SimpleData name="Estado_mon">-</SimpleData>
            <SimpleData name="Situaci_12">-</SimpleData>
            <SimpleData name="Dias_trans">13.19746527780</SimpleData>
            <SimpleData name="Prioridad">ALTA</SimpleData>
          </SchemaData>
        </ExtendedData>
        <Point>
          <coordinates>
            -55.707778130034,-24.2178181660721,0
          </coordinates>
        </Point>
      </Placemark>
      <Placemark id="Distrito_VILLA_YGATIM__.28">
        <ExtendedData>
          <SchemaData schemaUrl="#Distrito_VILLA_YGATIM__.schema">
            <SimpleData name="CÈdula">8342136.00000000000</SimpleData>
            <SimpleData name="cedula">8342136</SimpleData>
            <SimpleData name="N">259.00000000000</SimpleData>
            <SimpleData name="Nombres_y_">CELINA DUARTE VILLALBA</SimpleData>
            <SimpleData name="Sexo">Mujer</SimpleData>
            <SimpleData name="Cambio_de_">NO</SimpleData>
            <SimpleData name="Titular_se">NO</SimpleData>
            <SimpleData name="SituaciÛn">NO</SimpleData>
            <SimpleData name="Comunidad">Ind?gena</SimpleData>
            <SimpleData name="Modelo_imp">Modelo 5</SimpleData>
            <SimpleData name="Departamen">CANINDEYU</SimpleData>
            <SimpleData name="Distrito">VILLA YGATIM?</SimpleData>
            <SimpleData name="Localidad">COM INDIG ARROYO MOKOI - YVA POTY</SimpleData>
            <SimpleData name="TelÈfono">0986294424</SimpleData>
            <SimpleData name="Vivienda_L">-24.03706330000</SimpleData>
            <SimpleData name="Vivienda_1">-55.53196000000</SimpleData>
            <SimpleData name="Superficie">0.70000000000</SimpleData>
            <SimpleData name="Situaci_1">Pol?gono</SimpleData>
            <SimpleData name="Plantado">Si</SimpleData>
            <SimpleData name="Parcela_La">-24.03877433000</SimpleData>
            <SimpleData name="Parcela_Lo">-55.53150753000</SimpleData>
            <SimpleData name="Grupo_Impl">G2</SimpleData>
            <SimpleData name="Grupo_de_P">H-P5-XX-XX-XX</SimpleData>
            <SimpleData name="Jornales">0.00000000000</SimpleData>
            <SimpleData name="Monto">0.00000000000</SimpleData>
            <SimpleData name="Estado_del">Activo</SimpleData>
            <SimpleData name="Empresa">Hyh Consultores SRL</SimpleData>
            <SimpleData name="Lote">H</SimpleData>
            <SimpleData name="Monitorear">No</SimpleData>
            <SimpleData name="Fecha_de_M">8/4/2026</SimpleData>
            <SimpleData name="F__de_pren">70</SimpleData>
            <SimpleData name="Estado_FAO">Monitorear Reposicion</SimpleData>
            <SimpleData name="Etapa_de_i">Mantenimiento A?o 1.1</SimpleData>
            <SimpleData name="Fecha_visi">2026/09/14</SimpleData>
            <SimpleData name="Cumple_sup">Si</SimpleData>
            <SimpleData name="Estado_mon">??????NO CUMPLE??????</SimpleData>
            <SimpleData name="Situaci_12">Al momento del monitoreo de mantenimiento y asistencia t?cnica se observa que la parcela no cumple con las especificaciones t?cnicas establecidas. Falta reposici?n de plantines de c?tricos por p?rdida de injerto, no se observa aplicaci?n de ?xido</SimpleData>
            <SimpleData name="Dias_trans">6.32376157407</SimpleData>
            <SimpleData name="Prioridad">ALTA</SimpleData>
          </SchemaData>
        </ExtendedData>
        <Point>
          <coordinates>
            -55.5315075345511,-24.0387743259895,0
          </coordinates>
        </Point>
      </Placemark>
      <Placemark id="Distrito_VILLA_YGATIM__.29">
        <ExtendedData>
          <SchemaData schemaUrl="#Distrito_VILLA_YGATIM__.schema">
            <SimpleData name="CÈdula">5968758.00000000000</SimpleData>
            <SimpleData name="cedula">5968758</SimpleData>
            <SimpleData name="N">252.00000000000</SimpleData>
            <SimpleData name="Nombres_y_">MARISA KRIJUGI TAKUANGI MBYVANGI</SimpleData>
            <SimpleData name="Sexo">Mujer</SimpleData>
            <SimpleData name="Cambio_de_">NO</SimpleData>
            <SimpleData name="Titular_se">NO</SimpleData>
            <SimpleData name="SituaciÛn">NO</SimpleData>
            <SimpleData name="Comunidad">Ind?gena</SimpleData>
            <SimpleData name="Modelo_imp">Modelo 4</SimpleData>
            <SimpleData name="Departamen">CANINDEYU</SimpleData>
            <SimpleData name="Distrito">VILLA YGATIM?</SimpleData>
            <SimpleData name="Localidad">COM INDIG CHUPA POU</SimpleData>
            <SimpleData name="TelÈfono">986825395</SimpleData>
            <SimpleData name="Vivienda_L">-24.20922670000</SimpleData>
            <SimpleData name="Vivienda_1">-55.67919920000</SimpleData>
            <SimpleData name="Superficie">0.70000000000</SimpleData>
            <SimpleData name="Situaci_1">Pol?gono</SimpleData>
            <SimpleData name="Plantado">Si</SimpleData>
            <SimpleData name="Parcela_La">-24.21828425000</SimpleData>
            <SimpleData name="Parcela_Lo">-55.70700569000</SimpleData>
            <SimpleData name="Grupo_Impl">G2</SimpleData>
            <SimpleData name="Grupo_de_P">H-P2-P10P10-XX-XX</SimpleData>
            <SimpleData name="Jornales">4.00000000000</SimpleData>
            <SimpleData name="Monto">446008.00000000000</SimpleData>
            <SimpleData name="Estado_del">Activo</SimpleData>
            <SimpleData name="Empresa">Hyh Consultores SRL</SimpleData>
            <SimpleData name="Lote">H</SimpleData>
            <SimpleData name="Monitorear">No</SimpleData>
            <SimpleData name="Fecha_de_M">-</SimpleData>
            <SimpleData name="F__de_pren">-</SimpleData>
            <SimpleData name="Estado_FAO">Monitorear</SimpleData>
            <SimpleData name="Etapa_de_i">Mantenimiento A?o 1.2</SimpleData>
            <SimpleData name="Fecha_visi">2026/09/07</SimpleData>
            <SimpleData name="Cumple_sup">Si</SimpleData>
            <SimpleData name="Estado_mon">-</SimpleData>
            <SimpleData name="Situaci_12">-</SimpleData>
            <SimpleData name="Dias_trans">13.20856481480</SimpleData>
            <SimpleData name="Prioridad">ALTA</SimpleData>
          </SchemaData>
        </ExtendedData>
        <Point>
          <coordinates>
            -55.7070056897004,-24.2182842540627,0
          </coordinates>
        </Point>
      </Placemark>
      <Placemark id="Distrito_VILLA_YGATIM__.30">
        <ExtendedData>
          <SchemaData schemaUrl="#Distrito_VILLA_YGATIM__.schema">
            <SimpleData name="CÈdula">8341159.00000000000</SimpleData>
            <SimpleData name="cedula">8341159</SimpleData>
            <SimpleData name="N">257.00000000000</SimpleData>
            <SimpleData name="Nombres_y_">ISABELINA KUAREMINIGI</SimpleData>
            <SimpleData name="Sexo">Mujer</SimpleData>
            <SimpleData name="Cambio_de_">NO</SimpleData>
            <SimpleData name="Titular_se">NO</SimpleData>
            <SimpleData name="SituaciÛn">NO</SimpleData>
            <SimpleData name="Comunidad">Ind?gena</SimpleData>
            <SimpleData name="Modelo_imp">Modelo 5</SimpleData>
            <SimpleData name="Departamen">CANINDEYU</SimpleData>
            <SimpleData name="Distrito">VILLA YGATIM?</SimpleData>
            <SimpleData name="Localidad">COM INDIG CHUPA POU</SimpleData>
            <SimpleData name="TelÈfono">0983680081</SimpleData>
            <SimpleData name="Vivienda_L">-24.24362670000</SimpleData>
            <SimpleData name="Vivienda_1">-55.73146220000</SimpleData>
            <SimpleData name="Superficie">0.70000000000</SimpleData>
            <SimpleData name="Situaci_1">Pol?gono</SimpleData>
            <SimpleData name="Plantado">Si</SimpleData>
            <SimpleData name="Parcela_La">-24.24291227000</SimpleData>
            <SimpleData name="Parcela_Lo">-55.73107456000</SimpleData>
            <SimpleData name="Grupo_Impl">G2</SimpleData>
            <SimpleData name="Grupo_de_P">H-P3-XX-XX-XX</SimpleData>
            <SimpleData name="Jornales">0.00000000000</SimpleData>
            <SimpleData name="Monto">0.00000000000</SimpleData>
            <SimpleData name="Estado_del">Activo</SimpleData>
            <SimpleData name="Empresa">Hyh Consultores SRL</SimpleData>
            <SimpleData name="Lote">H</SimpleData>
            <SimpleData name="Monitorear">No</SimpleData>
            <SimpleData name="Fecha_de_M">18/2/2026</SimpleData>
            <SimpleData name="F__de_pren">60</SimpleData>
            <SimpleData name="Estado_FAO">Monitorear Reposicion</SimpleData>
            <SimpleData name="Etapa_de_i">Mantenimiento A?o 1.1</SimpleData>
            <SimpleData name="Fecha_visi">2026/09/08</SimpleData>
            <SimpleData name="Cumple_sup">Si</SimpleData>
            <SimpleData name="Estado_mon">??????NO CUMPLE??????</SimpleData>
            <SimpleData name="Situaci_12">En el momento del monitoreo la parcela se encuentra infestada de malezas gram?neas de gran porte, no obstante el participante se encuetra en proceso de limpieza de hileras de plantaci?n. Se observan p?rdidas en especies nativas y de r?pido crecimient</SimpleData>
            <SimpleData name="Dias_trans">12.19533564820</SimpleData>
            <SimpleData name="Prioridad">ALTA</SimpleData>
          </SchemaData>
        </ExtendedData>
        <Point>
          <coordinates>
            -55.7310745572366,-24.2429122722997,0
          </coordinates>
        </Point>
      </Placemark>
      <Placemark id="Distrito_VILLA_YGATIM__.31">
        <ExtendedData>
          <SchemaData schemaUrl="#Distrito_VILLA_YGATIM__.schema">
            <SimpleData name="CÈdula">5691205.00000000000</SimpleData>
            <SimpleData name="cedula">5691205</SimpleData>
            <SimpleData name="N">215.00000000000</SimpleData>
            <SimpleData name="Nombres_y_">SONIA MABEL CABRAL</SimpleData>
            <SimpleData name="Sexo">Mujer</SimpleData>
            <SimpleData name="Cambio_de_">NO</SimpleData>
            <SimpleData name="Titular_se">NO</SimpleData>
            <SimpleData name="SituaciÛn">NO</SimpleData>
            <SimpleData name="Comunidad">Campesina</SimpleData>
            <SimpleData name="Modelo_imp">Modelo 5</SimpleData>
            <SimpleData name="Departamen">CANINDEYU</SimpleData>
            <SimpleData name="Distrito">VILLA YGATIM?</SimpleData>
            <SimpleData name="Localidad">KO?E PORA</SimpleData>
            <SimpleData name="TelÈfono">0981099208</SimpleData>
            <SimpleData name="Vivienda_L">-24.08293750000</SimpleData>
            <SimpleData name="Vivienda_1">-55.75501980000</SimpleData>
            <SimpleData name="Superficie">0.70000000000</SimpleData>
            <SimpleData name="Situaci_1">Pol?gono</SimpleData>
            <SimpleData name="Plantado">Si</SimpleData>
            <SimpleData name="Parcela_La">-24.08129442000</SimpleData>
            <SimpleData name="Parcela_Lo">-55.75578789000</SimpleData>
            <SimpleData name="Grupo_Impl">G2</SimpleData>
            <SimpleData name="Grupo_de_P">H-P5-XX-XX-XX</SimpleData>
            <SimpleData name="Jornales">0.00000000000</SimpleData>
            <SimpleData name="Monto">0.00000000000</SimpleData>
            <SimpleData name="Estado_del">Activo</SimpleData>
            <SimpleData name="Empresa">Hyh Consultores SRL</SimpleData>
            <SimpleData name="Lote">H</SimpleData>
            <SimpleData name="Monitorear">No</SimpleData>
            <SimpleData name="Fecha_de_M">-</SimpleData>
            <SimpleData name="F__de_pren">-</SimpleData>
            <SimpleData name="Estado_FAO">Verificar posible desercion</SimpleData>
            <SimpleData name="Etapa_de_i">Mantenimiento A?o 1.1</SimpleData>
            <SimpleData name="Fecha_visi">2026/09/15</SimpleData>
            <SimpleData name="Cumple_sup">Si</SimpleData>
            <SimpleData name="Estado_mon">-</SimpleData>
            <SimpleData name="Situaci_12">-</SimpleData>
            <SimpleData name="Observaci">Falta de inter?s o no ve el beneficio;;Al momento de la visita se observa que la participante  no realiza ninguna  activid en su parcela, tambi?n se observa que la participante realiza modificaciones mudando plantas de citricos en una sola parte altera</SimpleData>
            <SimpleData name="Dias_trans">5.14615871528</SimpleData>
            <SimpleData name="Prioridad">ALTA</SimpleData>
          </SchemaData>
        </ExtendedData>
        <MultiGeometry>
          <Point>
            <coordinates>
              -55.7558552578674,-24.0811155076707,0
            </coordinates>
          </Point>
          <Point>
            <coordinates>
              -55.7554039363989,-24.0823140953446,0
            </coordinates>
          </Point>
        </MultiGeometry>
      </Placemark>
      <Placemark id="Distrito_VILLA_YGATIM__.32">
        <ExtendedData>
          <SchemaData schemaUrl="#Distrito_VILLA_YGATIM__.schema">
            <SimpleData name="CÈdula">5752680.00000000000</SimpleData>
            <SimpleData name="cedula">5752680</SimpleData>
            <SimpleData name="N">243.00000000000</SimpleData>
            <SimpleData name="Nombres_y_">SINTHIA FAGI</SimpleData>
            <SimpleData name="Sexo">Mujer</SimpleData>
            <SimpleData name="Cambio_de_">NO</SimpleData>
            <SimpleData name="Titular_se">NO</SimpleData>
            <SimpleData name="SituaciÛn">NO</SimpleData>
            <SimpleData name="Comunidad">Ind?gena</SimpleData>
            <SimpleData name="Modelo_imp">Modelo 6</SimpleData>
            <SimpleData name="Departamen">CANINDEYU</SimpleData>
            <SimpleData name="Distrito">VILLA YGATIM?</SimpleData>
            <SimpleData name="Localidad">COM INDIG CHUPA POU</SimpleData>
            <SimpleData name="TelÈfono">0982441484</SimpleData>
            <SimpleData name="Vivienda_L">-24.21355340000</SimpleData>
            <SimpleData name="Vivienda_1">-55.66951180000</SimpleData>
            <SimpleData name="Superficie">0.90000000000</SimpleData>
            <SimpleData name="Situaci_1">Pol?gono</SimpleData>
            <SimpleData name="Plantado">Si</SimpleData>
            <SimpleData name="Parcela_La">-24.21752707000</SimpleData>
            <SimpleData name="Parcela_Lo">-55.67789409000</SimpleData>
            <SimpleData name="Grupo_Impl">G2</SimpleData>
            <SimpleData name="Grupo_de_P">H-P2-XX-XX-XX</SimpleData>
            <SimpleData name="Jornales">0.00000000000</SimpleData>
            <SimpleData name="Monto">0.00000000000</SimpleData>
            <SimpleData name="Estado_del">Activo</SimpleData>
            <SimpleData name="Empresa">Hyh Consultores SRL</SimpleData>
            <SimpleData name="Lote">H</SimpleData>
            <SimpleData name="Monitorear">No</SimpleData>
            <SimpleData name="Fecha_de_M">-</SimpleData>
            <SimpleData name="F__de_pren">-</SimpleData>
            <SimpleData name="Estado_FAO">Verificar posible desercion</SimpleData>
            <SimpleData name="Etapa_de_i">Mantenimiento A?o 1.1</SimpleData>
            <SimpleData name="Fecha_visi">2026/09/02</SimpleData>
            <SimpleData name="Cumple_sup">Si</SimpleData>
            <SimpleData name="Estado_mon">-</SimpleData>
            <SimpleData name="Situaci_12">-</SimpleData>
            <SimpleData name="Observaci">Falta de inter?s o no ve el beneficio;;Parcela abandonada</SimpleData>
            <SimpleData name="Dias_trans">18.51574703700</SimpleData>
            <SimpleData name="Prioridad">ALTA</SimpleData>
          </SchemaData>
        </ExtendedData>
        <Point>
          <coordinates>
            -55.6778940888128,-24.2175270683114,0
          </coordinates>
        </Point>
      </Placemark>
      <Placemark id="Distrito_VILLA_YGATIM__.33">
        <ExtendedData>
          <SchemaData schemaUrl="#Distrito_VILLA_YGATIM__.schema">
            <SimpleData name="CÈdula">5316151.00000000000</SimpleData>
            <SimpleData name="cedula">5316151</SimpleData>
            <SimpleData name="N">224.00000000000</SimpleData>
            <SimpleData name="Nombres_y_">MARILDA VERA GONZALEZ</SimpleData>
            <SimpleData name="Sexo">Mujer</SimpleData>
            <SimpleData name="Cambio_de_">NO</SimpleData>
            <SimpleData name="Titular_se">NO</SimpleData>
            <SimpleData name="SituaciÛn">NO</SimpleData>
            <SimpleData name="Comunidad">Ind?gena</SimpleData>
            <SimpleData name="Modelo_imp">Modelo 2</SimpleData>
            <SimpleData name="Departamen">CANINDEYU</SimpleData>
            <SimpleData name="Distrito">VILLA YGATIM?</SimpleData>
            <SimpleData name="Localidad">COM INDIG MBOI JAGUA ? CENTRO</SimpleData>
            <SimpleData name="TelÈfono">0983889958</SimpleData>
            <SimpleData name="Vivienda_L">-24.12175970000</SimpleData>
            <SimpleData name="Vivienda_1">-55.57926690000</SimpleData>
            <SimpleData name="Superficie">0.80000000000</SimpleData>
            <SimpleData name="Situaci_1">Pol?gono</SimpleData>
            <SimpleData name="Plantado">Si</SimpleData>
            <SimpleData name="Parcela_La">-24.12295510000</SimpleData>
            <SimpleData name="Parcela_Lo">-55.57980461000</SimpleData>
            <SimpleData name="Grupo_Impl">G2</SimpleData>
            <SimpleData name="Grupo_de_P">H-P2-P10P10-XX-XX</SimpleData>
            <SimpleData name="Jornales">4.00000000000</SimpleData>
            <SimpleData name="Monto">446008.00000000000</SimpleData>
            <SimpleData name="Estado_del">Activo</SimpleData>
            <SimpleData name="Empresa">Hyh Consultores SRL</SimpleData>
            <SimpleData name="Lote">H</SimpleData>
            <SimpleData name="Monitorear">Si</SimpleData>
            <SimpleData name="Fecha_de_M">23/7/2026</SimpleData>
            <SimpleData name="F__de_pren">80</SimpleData>
            <SimpleData name="Estado_FAO">Monitorear Reposicion</SimpleData>
            <SimpleData name="Etapa_de_i">Mantenimiento A?o 1.2</SimpleData>
            <SimpleData name="Fecha_visi">2026/07/11</SimpleData>
            <SimpleData name="Cumple_sup">Si</SimpleData>
            <SimpleData name="Estado_mon">?????? NO CUMPLE ??????</SimpleData>
            <SimpleData name="Situaci_12">Al momento del monitoreo de mantenimiento y asistencia t?cnica se observa que la parcela no cumple con las especificaciones t?cnicas establecidas. Se sugiere reposici?n de plantines de especies forestales nativas y eucalipto y control de hormigas cort</SimpleData>
            <SimpleData name="Dias_trans">71.16177083330</SimpleData>
            <SimpleData name="Prioridad">ALTA</SimpleData>
          </SchemaData>
        </ExtendedData>
        <Point>
          <coordinates>
            -55.579804611523,-24.1229550977879,0
          </coordinates>
        </Point>
      </Placemark>
      <Placemark id="Distrito_VILLA_YGATIM__.34">
        <ExtendedData>
          <SchemaData schemaUrl="#Distrito_VILLA_YGATIM__.schema">
            <SimpleData name="CÈdula">6349355.00000000000</SimpleData>
            <SimpleData name="cedula">6349355</SimpleData>
            <SimpleData name="N">263.00000000000</SimpleData>
            <SimpleData name="Nombres_y_">BRIGIDA KUACHINGI TYKUARANGI TATUGI</SimpleData>
            <SimpleData name="Sexo">Mujer</SimpleData>
            <SimpleData name="Cambio_de_">NO</SimpleData>
            <SimpleData name="Titular_se">NO</SimpleData>
            <SimpleData name="SituaciÛn">NO</SimpleData>
            <SimpleData name="Comunidad">Ind?gena</SimpleData>
            <SimpleData name="Modelo_imp">Modelo 1</SimpleData>
            <SimpleData name="Departamen">CANINDEYU</SimpleData>
            <SimpleData name="Distrito">VILLA YGATIM?</SimpleData>
            <SimpleData name="Localidad">COM INDIG ARROYO BANDERA</SimpleData>
            <SimpleData name="TelÈfono">0986198727</SimpleData>
            <SimpleData name="Vivienda_L">-24.10400810000</SimpleData>
            <SimpleData name="Vivienda_1">-55.55159880000</SimpleData>
            <SimpleData name="Superficie">0.80000000000</SimpleData>
            <SimpleData name="Situaci_1">Pol?gono</SimpleData>
            <SimpleData name="Plantado">Si</SimpleData>
            <SimpleData name="Parcela_La">-24.11946238000</SimpleData>
            <SimpleData name="Parcela_Lo">-55.53248124000</SimpleData>
            <SimpleData name="Grupo_Impl">G2</SimpleData>
            <SimpleData name="Grupo_de_P">H-P1-P4P4-XX-XX</SimpleData>
            <SimpleData name="Jornales">4.00000000000</SimpleData>
            <SimpleData name="Monto">446008.00000000000</SimpleData>
            <SimpleData name="Estado_del">Activo</SimpleData>
            <SimpleData name="Empresa">Hyh Consultores SRL</SimpleData>
            <SimpleData name="Lote">H</SimpleData>
            <SimpleData name="Monitorear">Si</SimpleData>
            <SimpleData name="Fecha_de_M">-</SimpleData>
            <SimpleData name="F__de_pren">-</SimpleData>
            <SimpleData name="Estado_FAO">Monitorear</SimpleData>
            <SimpleData name="Etapa_de_i">Mantenimiento A?o 1.2</SimpleData>
            <SimpleData name="Fecha_visi">2026/04/15</SimpleData>
            <SimpleData name="Cumple_sup">Si</SimpleData>
            <SimpleData name="Estado_mon">-</SimpleData>
            <SimpleData name="Situaci_12">-</SimpleData>
            <SimpleData name="Dias_trans">158.57932870400</SimpleData>
            <SimpleData name="Prioridad">ALTA</SimpleData>
          </SchemaData>
        </ExtendedData>
        <Point>
          <coordinates>
            -55.5324812355031,-24.1194623779949,0
          </coordinates>
        </Point>
      </Placemark>
      <Placemark id="Distrito_VILLA_YGATIM__.35">
        <ExtendedData>
          <SchemaData schemaUrl="#Distrito_VILLA_YGATIM__.schema">
            <SimpleData name="CÈdula">7175376.00000000000</SimpleData>
            <SimpleData name="cedula">7175376</SimpleData>
            <SimpleData name="N">275.00000000000</SimpleData>
            <SimpleData name="Nombres_y_">VIVIANA  JAKUGI</SimpleData>
            <SimpleData name="Sexo">Mujer</SimpleData>
            <SimpleData name="Cambio_de_">NO</SimpleData>
            <SimpleData name="Titular_se">NO</SimpleData>
            <SimpleData name="SituaciÛn">NO</SimpleData>
            <SimpleData name="Comunidad">Ind?gena</SimpleData>
            <SimpleData name="Modelo_imp">Modelo 4</SimpleData>
            <SimpleData name="Departamen">CANINDEYU</SimpleData>
            <SimpleData name="Distrito">VILLA YGATIM?</SimpleData>
            <SimpleData name="Localidad">COM INDIG CHUPA POU</SimpleData>
            <SimpleData name="TelÈfono">982473468</SimpleData>
            <SimpleData name="Vivienda_L">-24.21699330000</SimpleData>
            <SimpleData name="Vivienda_1">-55.66386830000</SimpleData>
            <SimpleData name="Superficie">0.70000000000</SimpleData>
            <SimpleData name="Situaci_1">Pol?gono</SimpleData>
            <SimpleData name="Plantado">Si</SimpleData>
            <SimpleData name="Parcela_La">-24.21690520000</SimpleData>
            <SimpleData name="Parcela_Lo">-55.70768014000</SimpleData>
            <SimpleData name="Grupo_Impl">G2</SimpleData>
            <SimpleData name="Grupo_de_P">H-P3-P10P10-XX-XX</SimpleData>
            <SimpleData name="Jornales">4.00000000000</SimpleData>
            <SimpleData name="Monto">446008.00000000000</SimpleData>
            <SimpleData name="Estado_del">Activo</SimpleData>
            <SimpleData name="Empresa">Hyh Consultores SRL</SimpleData>
            <SimpleData name="Lote">H</SimpleData>
            <SimpleData name="Monitorear">No</SimpleData>
            <SimpleData name="Fecha_de_M">-</SimpleData>
            <SimpleData name="F__de_pren">-</SimpleData>
            <SimpleData name="Estado_FAO">Monitorear</SimpleData>
            <SimpleData name="Etapa_de_i">Mantenimiento A?o 1.2</SimpleData>
            <SimpleData name="Fecha_visi">2026/09/13</SimpleData>
            <SimpleData name="Cumple_sup">Si</SimpleData>
            <SimpleData name="Estado_mon">-</SimpleData>
            <SimpleData name="Situaci_12">-</SimpleData>
            <SimpleData name="Dias_trans">7.15208333333</SimpleData>
            <SimpleData name="Prioridad">ALTA</SimpleData>
          </SchemaData>
        </ExtendedData>
        <Point>
          <coordinates>
            -55.7076801447472,-24.2169051959825,0
          </coordinates>
        </Point>
      </Placemark>
      <Placemark id="Distrito_VILLA_YGATIM__.36">
        <ExtendedData>
          <SchemaData schemaUrl="#Distrito_VILLA_YGATIM__.schema">
            <SimpleData name="CÈdula">7295040.00000000000</SimpleData>
            <SimpleData name="cedula">7295040</SimpleData>
            <SimpleData name="N">268.00000000000</SimpleData>
            <SimpleData name="Nombres_y_">SUNI AVALOS MARTINEZ</SimpleData>
            <SimpleData name="Sexo">Mujer</SimpleData>
            <SimpleData name="Cambio_de_">NO</SimpleData>
            <SimpleData name="Titular_se">NO</SimpleData>
            <SimpleData name="SituaciÛn">NO</SimpleData>
            <SimpleData name="Comunidad">Ind?gena</SimpleData>
            <SimpleData name="Modelo_imp">Modelo 1</SimpleData>
            <SimpleData name="Departamen">CANINDEYU</SimpleData>
            <SimpleData name="Distrito">VILLA YGATIM?</SimpleData>
            <SimpleData name="Localidad">COM INDIG SAN ANTONIO</SimpleData>
            <SimpleData name="TelÈfono">0986396487</SimpleData>
            <SimpleData name="Vivienda_L">-24.06528580000</SimpleData>
            <SimpleData name="Vivienda_1">-55.74005530000</SimpleData>
            <SimpleData name="Superficie">0.80000000000</SimpleData>
            <SimpleData name="Situaci_1">Par?metro</SimpleData>
            <SimpleData name="Plantado">Si</SimpleData>
            <SimpleData name="Parcela_La">-24.06332300000</SimpleData>
            <SimpleData name="Parcela_Lo">-55.73841475000</SimpleData>
            <SimpleData name="Grupo_Impl">G2</SimpleData>
            <SimpleData name="Grupo_de_P">H-P14-XX-XX-XX</SimpleData>
            <SimpleData name="Jornales">0.00000000000</SimpleData>
            <SimpleData name="Monto">0.00000000000</SimpleData>
            <SimpleData name="Estado_del">Activo</SimpleData>
            <SimpleData name="Empresa">Hyh Consultores SRL</SimpleData>
            <SimpleData name="Lote">H</SimpleData>
            <SimpleData name="Monitorear">No</SimpleData>
            <SimpleData name="Fecha_de_M">-</SimpleData>
            <SimpleData name="F__de_pren">-</SimpleData>
            <SimpleData name="Estado_FAO">Verificar posible desercion</SimpleData>
            <SimpleData name="Etapa_de_i">Mantenimiento A?o 1.1</SimpleData>
            <SimpleData name="Fecha_visi">2026/08/26</SimpleData>
            <SimpleData name="Cumple_sup">-</SimpleData>
            <SimpleData name="Estado_mon">-</SimpleData>
            <SimpleData name="Situaci_12">-</SimpleData>
            <SimpleData name="Observaci">Falta de inter?s o no ve el beneficio;;No hay inter?s</SimpleData>
            <SimpleData name="Dias_trans">25.60764108800</SimpleData>
            <SimpleData name="Prioridad">ALTA</SimpleData>
          </SchemaData>
        </ExtendedData>
        <Point>
          <coordinates>
            -55.738414754223,-24.0633229967384,0
          </coordinates>
        </Point>
      </Placemark>
      <Placemark id="Distrito_VILLA_YGATIM__.37">
        <ExtendedData>
          <SchemaData schemaUrl="#Distrito_VILLA_YGATIM__.schema">
            <SimpleData name="CÈdula">5774108.00000000000</SimpleData>
            <SimpleData name="cedula">5774108</SimpleData>
            <SimpleData name="N">278.00000000000</SimpleData>
            <SimpleData name="Nombres_y_">CAROLINA  KUACHINGI</SimpleData>
            <SimpleData name="Sexo">Mujer</SimpleData>
            <SimpleData name="Cambio_de_">NO</SimpleData>
            <SimpleData name="Titular_se">NO</SimpleData>
            <SimpleData name="SituaciÛn">NO</SimpleData>
            <SimpleData name="Comunidad">Ind?gena</SimpleData>
            <SimpleData name="Modelo_imp">Modelo 5</SimpleData>
            <SimpleData name="Departamen">CANINDEYU</SimpleData>
            <SimpleData name="Distrito">VILLA YGATIM?</SimpleData>
            <SimpleData name="Localidad">COM INDIG CHUPA POU</SimpleData>
            <SimpleData name="TelÈfono">975272898</SimpleData>
            <SimpleData name="Vivienda_L">-24.21036710000</SimpleData>
            <SimpleData name="Vivienda_1">-55.67389590000</SimpleData>
            <SimpleData name="Superficie">0.70000000000</SimpleData>
            <SimpleData name="Situaci_1">Pol?gono</SimpleData>
            <SimpleData name="Plantado">Si</SimpleData>
            <SimpleData name="Parcela_La">-24.19918557000</SimpleData>
            <SimpleData name="Parcela_Lo">-55.66490111000</SimpleData>
            <SimpleData name="Grupo_Impl">G2</SimpleData>
            <SimpleData name="Grupo_de_P">H-P3-XX-XX-XX</SimpleData>
            <SimpleData name="Jornales">0.00000000000</SimpleData>
            <SimpleData name="Monto">0.00000000000</SimpleData>
            <SimpleData name="Estado_del">Activo</SimpleData>
            <SimpleData name="Empresa">Hyh Consultores SRL</SimpleData>
            <SimpleData name="Lote">H</SimpleData>
            <SimpleData name="Monitorear">No</SimpleData>
            <SimpleData name="Fecha_de_M">20/6/2026</SimpleData>
            <SimpleData name="F__de_pren">70</SimpleData>
            <SimpleData name="Estado_FAO">Monitorear Reposicion</SimpleData>
            <SimpleData name="Etapa_de_i">Mantenimiento A?o 1.1</SimpleData>
            <SimpleData name="Fecha_visi">2026/09/08</SimpleData>
            <SimpleData name="Cumple_sup">Si</SimpleData>
            <SimpleData name="Estado_mon">??????NO CUMPLE??????</SimpleData>
            <SimpleData name="Situaci_12">Al momento del monitoreo de mantenimiento y asistencia t?cnica se observa que la parcela no cumple con las especificaciones t?cnicas establecidas. La reposici?n de plantines de c?tricos no se realiz? en su totalidad.</SimpleData>
            <SimpleData name="Dias_trans">12.19538194450</SimpleData>
            <SimpleData name="Prioridad">ALTA</SimpleData>
          </SchemaData>
        </ExtendedData>
        <Point>
          <coordinates>
            -55.6649011126379,-24.1991855692315,0
          </coordinates>
        </Point>
      </Placemark>
      <Placemark id="Distrito_VILLA_YGATIM__.38">
        <ExtendedData>
          <SchemaData schemaUrl="#Distrito_VILLA_YGATIM__.schema">
            <SimpleData name="CÈdula">5345296.00000000000</SimpleData>
            <SimpleData name="cedula">5345296</SimpleData>
            <SimpleData name="N">223.00000000000</SimpleData>
            <SimpleData name="Nombres_y_"><![CDATA[DAMARIS GUI'INGI KRACHOGI MBEPURANGI]]></SimpleData>
            <SimpleData name="Sexo">Mujer</SimpleData>
            <SimpleData name="Cambio_de_">NO</SimpleData>
            <SimpleData name="Titular_se">NO</SimpleData>
            <SimpleData name="SituaciÛn">NO</SimpleData>
            <SimpleData name="Comunidad">Ind?gena</SimpleData>
            <SimpleData name="Modelo_imp">Modelo 1</SimpleData>
            <SimpleData name="Departamen">CANINDEYU</SimpleData>
            <SimpleData name="Distrito">VILLA YGATIM?</SimpleData>
            <SimpleData name="Localidad">COM INDIG CHUPA POU</SimpleData>
            <SimpleData name="TelÈfono">0982187854</SimpleData>
            <SimpleData name="Vivienda_L">-24.20870300000</SimpleData>
            <SimpleData name="Vivienda_1">-55.67954960000</SimpleData>
            <SimpleData name="Superficie">0.80000000000</SimpleData>
            <SimpleData name="Situaci_1">Pol?gono</SimpleData>
            <SimpleData name="Plantado">Si</SimpleData>
            <SimpleData name="Parcela_La">-24.20459436000</SimpleData>
            <SimpleData name="Parcela_Lo">-55.68219615000</SimpleData>
            <SimpleData name="Grupo_Impl">G2</SimpleData>
            <SimpleData name="Grupo_de_P">H-P2-P10P10-XX-XX</SimpleData>
            <SimpleData name="Jornales">4.00000000000</SimpleData>
            <SimpleData name="Monto">446008.00000000000</SimpleData>
            <SimpleData name="Estado_del">Activo</SimpleData>
            <SimpleData name="Empresa">Hyh Consultores SRL</SimpleData>
            <SimpleData name="Lote">H</SimpleData>
            <SimpleData name="Monitorear">No</SimpleData>
            <SimpleData name="Fecha_de_M">24/7/2026</SimpleData>
            <SimpleData name="F__de_pren">80</SimpleData>
            <SimpleData name="Estado_FAO">Monitorear Reposicion</SimpleData>
            <SimpleData name="Etapa_de_i">Mantenimiento A?o 1.2</SimpleData>
            <SimpleData name="Fecha_visi">2026/07/18</SimpleData>
            <SimpleData name="Cumple_sup">Si</SimpleData>
            <SimpleData name="Estado_mon">?????? NO CUMPLE ??????</SimpleData>
            <SimpleData name="Situaci_12">Al momento del monitoreo de mantenimiento y asistencia t?cnica se observa que la parcela no cumple con las especificaciones t?cnicas.  La reposici?n realizada se observa que se encuentra sin prendimiento y no se visualiza reposici?n de especies fores</SimpleData>
            <SimpleData name="Dias_trans">64.42399305560</SimpleData>
            <SimpleData name="Prioridad">ALTA</SimpleData>
          </SchemaData>
        </ExtendedData>
        <Point>
          <coordinates>
            -55.682196154274,-24.2045943642175,0
          </coordinates>
        </Point>
      </Placemark>
      <Placemark id="Distrito_VILLA_YGATIM__.39">
        <ExtendedData>
          <SchemaData schemaUrl="#Distrito_VILLA_YGATIM__.schema">
            <SimpleData name="CÈdula">6349351.00000000000</SimpleData>
            <SimpleData name="cedula">6349351</SimpleData>
            <SimpleData name="N">276.00000000000</SimpleData>
            <SimpleData name="Nombres_y_">MARIANELA AIRAGI ACHIPURANGI FUA AGI</SimpleData>
            <SimpleData name="Sexo">Mujer</SimpleData>
            <SimpleData name="Cambio_de_">NO</SimpleData>
            <SimpleData name="Titular_se">NO</SimpleData>
            <SimpleData name="SituaciÛn">NO</SimpleData>
            <SimpleData name="Comunidad">Ind?gena</SimpleData>
            <SimpleData name="Modelo_imp">Modelo 1</SimpleData>
            <SimpleData name="Departamen">CANINDEYU</SimpleData>
            <SimpleData name="Distrito">VILLA YGATIM?</SimpleData>
            <SimpleData name="Localidad">COM INDIG CHUPA POU</SimpleData>
            <SimpleData name="TelÈfono">983182973</SimpleData>
            <SimpleData name="Vivienda_L">-24.20947170000</SimpleData>
            <SimpleData name="Vivienda_1">-55.68187500000</SimpleData>
            <SimpleData name="Superficie">0.80000000000</SimpleData>
            <SimpleData name="Situaci_1">Pol?gono</SimpleData>
            <SimpleData name="Plantado">Si</SimpleData>
            <SimpleData name="Parcela_La">-24.20736430000</SimpleData>
            <SimpleData name="Parcela_Lo">-55.68457695000</SimpleData>
            <SimpleData name="Grupo_Impl">G2</SimpleData>
            <SimpleData name="Grupo_de_P">H-P3-XX-XX-XX</SimpleData>
            <SimpleData name="Jornales">0.00000000000</SimpleData>
            <SimpleData name="Monto">0.00000000000</SimpleData>
            <SimpleData name="Estado_del">Activo</SimpleData>
            <SimpleData name="Empresa">Hyh Consultores SRL</SimpleData>
            <SimpleData name="Lote">H</SimpleData>
            <SimpleData name="Monitorear">No</SimpleData>
            <SimpleData name="Fecha_de_M">17/8/2026</SimpleData>
            <SimpleData name="F__de_pren">50</SimpleData>
            <SimpleData name="Estado_FAO">Monitorear Reposicion</SimpleData>
            <SimpleData name="Etapa_de_i">Mantenimiento A?o 1.1</SimpleData>
            <SimpleData name="Fecha_visi">2026/09/11</SimpleData>
            <SimpleData name="Cumple_sup">Si</SimpleData>
            <SimpleData name="Estado_mon">?????? NO CUMPLE ??????</SimpleData>
            <SimpleData name="Situaci_12">En el momento del monitoreo no se observa plantines sobre vivientes por causas de las hormigas cortadoras, recomendamos realizar reposiciones de las plantas perdidas.</SimpleData>
            <SimpleData name="Dias_trans">9.39201388889</SimpleData>
            <SimpleData name="Prioridad">ALTA</SimpleData>
          </SchemaData>
        </ExtendedData>
        <Point>
          <coordinates>
            -55.6845769457064,-24.2073643027439,0
          </coordinates>
        </Point>
      </Placemark>
      <Placemark id="Distrito_VILLA_YGATIM__.40">
        <ExtendedData>
          <SchemaData schemaUrl="#Distrito_VILLA_YGATIM__.schema">
            <SimpleData name="CÈdula">7883098.00000000000</SimpleData>
            <SimpleData name="cedula">7883098</SimpleData>
            <SimpleData name="N">217.00000000000</SimpleData>
            <SimpleData name="Nombres_y_">FIDELINA BAREIRO PEREIRA</SimpleData>
            <SimpleData name="Sexo">Mujer</SimpleData>
            <SimpleData name="Cambio_de_">NO</SimpleData>
            <SimpleData name="Titular_se">NO</SimpleData>
            <SimpleData name="SituaciÛn">NO</SimpleData>
            <SimpleData name="Comunidad">Campesina</SimpleData>
            <SimpleData name="Modelo_imp">Modelo 5</SimpleData>
            <SimpleData name="Departamen">CANINDEYU</SimpleData>
            <SimpleData name="Distrito">VILLA YGATIM?</SimpleData>
            <SimpleData name="Localidad">11 DE SETIEMBRE</SimpleData>
            <SimpleData name="TelÈfono">ND</SimpleData>
            <SimpleData name="Vivienda_L">-24.01673790000</SimpleData>
            <SimpleData name="Vivienda_1">-55.55905710000</SimpleData>
            <SimpleData name="Superficie">0.00000000000</SimpleData>
            <SimpleData name="Situaci_1">Pol?gono</SimpleData>
            <SimpleData name="Plantado">Si</SimpleData>
            <SimpleData name="Parcela_La">-24.01704748000</SimpleData>
            <SimpleData name="Parcela_Lo">-55.56687694000</SimpleData>
            <SimpleData name="Grupo_Impl">G2</SimpleData>
            <SimpleData name="Grupo_de_P">H-P1-XX-XX-XX</SimpleData>
            <SimpleData name="Jornales">0.00000000000</SimpleData>
            <SimpleData name="Monto">0.00000000000</SimpleData>
            <SimpleData name="Estado_del">Activo</SimpleData>
            <SimpleData name="Empresa">Hyh Consultores SRL</SimpleData>
            <SimpleData name="Lote">H</SimpleData>
            <SimpleData name="Monitorear">Si</SimpleData>
            <SimpleData name="Fecha_de_M">-</SimpleData>
            <SimpleData name="F__de_pren">-</SimpleData>
            <SimpleData name="Estado_FAO">Monitorear</SimpleData>
            <SimpleData name="Etapa_de_i">Mantenimiento A?o 1.1</SimpleData>
            <SimpleData name="Fecha_visi">2026/08/27</SimpleData>
            <SimpleData name="Cumple_sup">Si</SimpleData>
            <SimpleData name="Estado_mon">-</SimpleData>
            <SimpleData name="Situaci_12">-</SimpleData>
            <SimpleData name="Observaci">-</SimpleData>
            <SimpleData name="Dias_trans">24.28343750000</SimpleData>
            <SimpleData name="Prioridad">ALTA</SimpleData>
          </SchemaData>
        </ExtendedData>
        <Point>
          <coordinates>
            -55.5668769382937,-24.0170474825455,0
          </coordinates>
        </Point>
      </Placemark>
      <Placemark id="Distrito_VILLA_YGATIM__.41">
        <ExtendedData>
          <SchemaData schemaUrl="#Distrito_VILLA_YGATIM__.schema">
            <SimpleData name="CÈdula">6551301.00000000000</SimpleData>
            <SimpleData name="cedula">6551301</SimpleData>
            <SimpleData name="N">227.00000000000</SimpleData>
            <SimpleData name="Nombres_y_">EPIFANIO ROMERO LOPEZ</SimpleData>
            <SimpleData name="Sexo">Hombre</SimpleData>
            <SimpleData name="Cambio_de_">NO</SimpleData>
            <SimpleData name="Titular_se">NO</SimpleData>
            <SimpleData name="SituaciÛn">NO</SimpleData>
            <SimpleData name="Comunidad">Ind?gena</SimpleData>
            <SimpleData name="Modelo_imp">Modelo 4</SimpleData>
            <SimpleData name="Departamen">CANINDEYU</SimpleData>
            <SimpleData name="Distrito">VILLA YGATIM?</SimpleData>
            <SimpleData name="Localidad">COM INDIG ITA POTY</SimpleData>
            <SimpleData name="TelÈfono">0982007738</SimpleData>
            <SimpleData name="Vivienda_L">-24.10291770000</SimpleData>
            <SimpleData name="Vivienda_1">-55.60920920000</SimpleData>
            <SimpleData name="Superficie">0.70000000000</SimpleData>
            <SimpleData name="Situaci_1">Par?metro</SimpleData>
            <SimpleData name="Plantado">Si</SimpleData>
            <SimpleData name="Parcela_La">-24.10475186000</SimpleData>
            <SimpleData name="Parcela_Lo">-55.60456121000</SimpleData>
            <SimpleData name="Grupo_Impl">G2</SimpleData>
            <SimpleData name="Grupo_de_P">H-P12-XX-XX-XX</SimpleData>
            <SimpleData name="Jornales">0.00000000000</SimpleData>
            <SimpleData name="Monto">0.00000000000</SimpleData>
            <SimpleData name="Estado_del">Activo</SimpleData>
            <SimpleData name="Empresa">Hyh Consultores SRL</SimpleData>
            <SimpleData name="Lote">H</SimpleData>
            <SimpleData name="Monitorear">No</SimpleData>
            <SimpleData name="Fecha_de_M">8/7/2026</SimpleData>
            <SimpleData name="F__de_pren">70</SimpleData>
            <SimpleData name="Estado_FAO">Monitorear reposicion</SimpleData>
            <SimpleData name="Etapa_de_i">Mantenimiento A?o 1.1</SimpleData>
            <SimpleData name="Fecha_visi">2026/08/31</SimpleData>
            <SimpleData name="Cumple_sup">Si</SimpleData>
            <SimpleData name="Estado_mon">??????NO CUMPLE??????</SimpleData>
            <SimpleData name="Situaci_12">Al momento del monitoreo de mantenimiento y asistencia t?cnica se observa que la parcela no cumple con las especificaciones t?cnicas establecidas por faltante de plantines de yerba mate, se sugiere reposici?n de los mismos.</SimpleData>
            <SimpleData name="Dias_trans">20.43751157410</SimpleData>
            <SimpleData name="Prioridad">ALTA</SimpleData>
          </SchemaData>
        </ExtendedData>
        <Point>
          <coordinates>
            -55.6045612123148,-24.1047518552914,0
          </coordinates>
        </Point>
      </Placemark>
      <Placemark id="Distrito_VILLA_YGATIM__.42">
        <ExtendedData>
          <SchemaData schemaUrl="#Distrito_VILLA_YGATIM__.schema">
            <SimpleData name="CÈdula">6226641.00000000000</SimpleData>
            <SimpleData name="cedula">6226641</SimpleData>
            <SimpleData name="N">237.00000000000</SimpleData>
            <SimpleData name="Nombres_y_">SEBASTIAN ALEGRE RIQUELME</SimpleData>
            <SimpleData name="Sexo">Hombre</SimpleData>
            <SimpleData name="Cambio_de_">NO</SimpleData>
            <SimpleData name="Titular_se">NO</SimpleData>
            <SimpleData name="SituaciÛn">NO</SimpleData>
            <SimpleData name="Comunidad">Ind?gena</SimpleData>
            <SimpleData name="Modelo_imp">Modelo 1</SimpleData>
            <SimpleData name="Departamen">CANINDEYU</SimpleData>
            <SimpleData name="Distrito">VILLA YGATIM?</SimpleData>
            <SimpleData name="Localidad">COM INDIG MBOI JAGUA ? PINDOTY</SimpleData>
            <SimpleData name="TelÈfono">0976827410</SimpleData>
            <SimpleData name="Vivienda_L">-24.12893720000</SimpleData>
            <SimpleData name="Vivienda_1">-55.59433850000</SimpleData>
            <SimpleData name="Superficie">0.80000000000</SimpleData>
            <SimpleData name="Situaci_1">Pol?gono</SimpleData>
            <SimpleData name="Plantado">Si</SimpleData>
            <SimpleData name="Parcela_La">-24.13435798000</SimpleData>
            <SimpleData name="Parcela_Lo">-55.59662497000</SimpleData>
            <SimpleData name="Grupo_Impl">G2</SimpleData>
            <SimpleData name="Grupo_de_P">H-P1-P4P4-XX-XX</SimpleData>
            <SimpleData name="Jornales">4.00000000000</SimpleData>
            <SimpleData name="Monto">446008.00000000000</SimpleData>
            <SimpleData name="Estado_del">Activo</SimpleData>
            <SimpleData name="Empresa">Hyh Consultores SRL</SimpleData>
            <SimpleData name="Lote">H</SimpleData>
            <SimpleData name="Monitorear">Si</SimpleData>
            <SimpleData name="Fecha_de_M">14/7/2026</SimpleData>
            <SimpleData name="F__de_pren">70</SimpleData>
            <SimpleData name="Estado_FAO">Monitorear Reposicion</SimpleData>
            <SimpleData name="Etapa_de_i">Mantenimiento A?o 1.2</SimpleData>
            <SimpleData name="Fecha_visi">2026/09/11</SimpleData>
            <SimpleData name="Cumple_sup">Si</SimpleData>
            <SimpleData name="Estado_mon">?????? NO CUMPLE ??????</SimpleData>
            <SimpleData name="Situaci_12">Al momento del monitoreo de mantenimiento y asistencia t?cnica se observa que la parcela no cumple con las especificaciones t?cnicas establecidas. Se puede verificar especies forestales sin prendimiento. Se sugiere reposici?n de especies forestales na</SimpleData>
            <SimpleData name="Dias_trans">9.48243055555</SimpleData>
            <SimpleData name="Prioridad">ALTA</SimpleData>
          </SchemaData>
        </ExtendedData>
        <Point>
          <coordinates>
            -55.5966249696193,-24.1343579752581,0
          </coordinates>
        </Point>
      </Placemark>
      <Placemark id="Distrito_VILLA_YGATIM__.43">
        <ExtendedData>
          <SchemaData schemaUrl="#Distrito_VILLA_YGATIM__.schema">
            <SimpleData name="CÈdula">5752579.00000000000</SimpleData>
            <SimpleData name="cedula">5752579</SimpleData>
            <SimpleData name="N">272.00000000000</SimpleData>
            <SimpleData name="Nombres_y_">BERONICA TAYJANGI TATUGI CHACHUGI</SimpleData>
            <SimpleData name="Sexo">Mujer</SimpleData>
            <SimpleData name="Cambio_de_">NO</SimpleData>
            <SimpleData name="Titular_se">NO</SimpleData>
            <SimpleData name="SituaciÛn">NO</SimpleData>
            <SimpleData name="Comunidad">Ind?gena</SimpleData>
            <SimpleData name="Modelo_imp">Modelo 4</SimpleData>
            <SimpleData name="Departamen">CANINDEYU</SimpleData>
            <SimpleData name="Distrito">VILLA YGATIM?</SimpleData>
            <SimpleData name="Localidad">COM INDIG CHUPA POU</SimpleData>
            <SimpleData name="TelÈfono">986613053</SimpleData>
            <SimpleData name="Vivienda_L">-24.20880000000</SimpleData>
            <SimpleData name="Vivienda_1">-55.67913670000</SimpleData>
            <SimpleData name="Superficie">0.70000000000</SimpleData>
            <SimpleData name="Situaci_1">Pol?gono</SimpleData>
            <SimpleData name="Plantado">Si</SimpleData>
            <SimpleData name="Parcela_La">-24.22055366000</SimpleData>
            <SimpleData name="Parcela_Lo">-55.70724510000</SimpleData>
            <SimpleData name="Grupo_Impl">G2</SimpleData>
            <SimpleData name="Grupo_de_P">H-P3-P10P10-XX-XX</SimpleData>
            <SimpleData name="Jornales">4.00000000000</SimpleData>
            <SimpleData name="Monto">446008.00000000000</SimpleData>
            <SimpleData name="Estado_del">Activo</SimpleData>
            <SimpleData name="Empresa">Hyh Consultores SRL</SimpleData>
            <SimpleData name="Lote">H</SimpleData>
            <SimpleData name="Monitorear">No</SimpleData>
            <SimpleData name="Fecha_de_M">-</SimpleData>
            <SimpleData name="F__de_pren">-</SimpleData>
            <SimpleData name="Estado_FAO">Monitorear</SimpleData>
            <SimpleData name="Etapa_de_i">Mantenimiento A?o 1.2</SimpleData>
            <SimpleData name="Fecha_visi">2026/08/21</SimpleData>
            <SimpleData name="Cumple_sup">Si</SimpleData>
            <SimpleData name="Estado_mon">-</SimpleData>
            <SimpleData name="Situaci_12">-</SimpleData>
            <SimpleData name="Dias_trans">30.23680555560</SimpleData>
            <SimpleData name="Prioridad">ALTA</SimpleData>
          </SchemaData>
        </ExtendedData>
        <Point>
          <coordinates>
            -55.7072450953057,-24.2205536582325,0
          </coordinates>
        </Point>
      </Placemark>
      <Placemark id="Distrito_VILLA_YGATIM__.44">
        <ExtendedData>
          <SchemaData schemaUrl="#Distrito_VILLA_YGATIM__.schema">
            <SimpleData name="CÈdula">5345295.00000000000</SimpleData>
            <SimpleData name="cedula">5345295</SimpleData>
            <SimpleData name="N">220.00000000000</SimpleData>
            <SimpleData name="Nombres_y_">CLAUDIA CHAKYTANGI MBEJUAGI MBEPURANGI</SimpleData>
            <SimpleData name="Sexo">Mujer</SimpleData>
            <SimpleData name="Cambio_de_">NO</SimpleData>
            <SimpleData name="Titular_se">NO</SimpleData>
            <SimpleData name="SituaciÛn">NO</SimpleData>
            <SimpleData name="Comunidad">Ind?gena</SimpleData>
            <SimpleData name="Modelo_imp">Modelo 5</SimpleData>
            <SimpleData name="Departamen">CANINDEYU</SimpleData>
            <SimpleData name="Distrito">VILLA YGATIM?</SimpleData>
            <SimpleData name="Localidad">COM INDIG CHUPA POU</SimpleData>
            <SimpleData name="TelÈfono">0982820743</SimpleData>
            <SimpleData name="Vivienda_L">-24.20927690000</SimpleData>
            <SimpleData name="Vivienda_1">-55.68050480000</SimpleData>
            <SimpleData name="Superficie">0.70000000000</SimpleData>
            <SimpleData name="Situaci_1">Pol?gono</SimpleData>
            <SimpleData name="Plantado">Si</SimpleData>
            <SimpleData name="Parcela_La">-24.21091632000</SimpleData>
            <SimpleData name="Parcela_Lo">-55.68089618000</SimpleData>
            <SimpleData name="Grupo_Impl">G2</SimpleData>
            <SimpleData name="Grupo_de_P">H-P2-P10P10-XX-XX</SimpleData>
            <SimpleData name="Jornales">4.00000000000</SimpleData>
            <SimpleData name="Monto">446008.00000000000</SimpleData>
            <SimpleData name="Estado_del">Activo</SimpleData>
            <SimpleData name="Empresa">Hyh Consultores SRL</SimpleData>
            <SimpleData name="Lote">H</SimpleData>
            <SimpleData name="Monitorear">No</SimpleData>
            <SimpleData name="Fecha_de_M">-</SimpleData>
            <SimpleData name="F__de_pren">-</SimpleData>
            <SimpleData name="Estado_FAO">Monitorear</SimpleData>
            <SimpleData name="Etapa_de_i">Mantenimiento A?o 1.2</SimpleData>
            <SimpleData name="Fecha_visi">2026/08/29</SimpleData>
            <SimpleData name="Cumple_sup">Si</SimpleData>
            <SimpleData name="Estado_mon">-</SimpleData>
            <SimpleData name="Situaci_12">-</SimpleData>
            <SimpleData name="Dias_trans">22.34799768520</SimpleData>
            <SimpleData name="Prioridad">ALTA</SimpleData>
          </SchemaData>
        </ExtendedData>
        <Point>
          <coordinates>
            -55.680896176938,-24.2109163181067,0
          </coordinates>
        </Point>
      </Placemark>
      <Placemark id="Distrito_VILLA_YGATIM__.45">
        <ExtendedData>
          <SchemaData schemaUrl="#Distrito_VILLA_YGATIM__.schema">
            <SimpleData name="CÈdula">5752668.00000000000</SimpleData>
            <SimpleData name="cedula">5752668</SimpleData>
            <SimpleData name="N">241.00000000000</SimpleData>
            <SimpleData name="Nombres_y_">PATRICIA ACHIPURANGI</SimpleData>
            <SimpleData name="Sexo">Mujer</SimpleData>
            <SimpleData name="Cambio_de_">NO</SimpleData>
            <SimpleData name="Titular_se">NO</SimpleData>
            <SimpleData name="SituaciÛn">NO</SimpleData>
            <SimpleData name="Comunidad">Ind?gena</SimpleData>
            <SimpleData name="Modelo_imp">Modelo 2</SimpleData>
            <SimpleData name="Departamen">CANINDEYU</SimpleData>
            <SimpleData name="Distrito">VILLA YGATIM?</SimpleData>
            <SimpleData name="Localidad">COM INDIG CHUPA POU</SimpleData>
            <SimpleData name="TelÈfono">0982848455</SimpleData>
            <SimpleData name="Vivienda_L">-24.21353600000</SimpleData>
            <SimpleData name="Vivienda_1">-55.66875110000</SimpleData>
            <SimpleData name="Superficie">0.80000000000</SimpleData>
            <SimpleData name="Situaci_1">Pol?gono</SimpleData>
            <SimpleData name="Plantado">Si</SimpleData>
            <SimpleData name="Parcela_La">-24.21237604000</SimpleData>
            <SimpleData name="Parcela_Lo">-55.66828580000</SimpleData>
            <SimpleData name="Grupo_Impl">G2</SimpleData>
            <SimpleData name="Grupo_de_P">H-P2-P10P10-XX-XX</SimpleData>
            <SimpleData name="Jornales">4.00000000000</SimpleData>
            <SimpleData name="Monto">446008.00000000000</SimpleData>
            <SimpleData name="Estado_del">Activo</SimpleData>
            <SimpleData name="Empresa">Hyh Consultores SRL</SimpleData>
            <SimpleData name="Lote">H</SimpleData>
            <SimpleData name="Monitorear">No</SimpleData>
            <SimpleData name="Fecha_de_M">21/7/2026</SimpleData>
            <SimpleData name="F__de_pren">70</SimpleData>
            <SimpleData name="Estado_FAO">Monitorear Reposicion</SimpleData>
            <SimpleData name="Etapa_de_i">Mantenimiento A?o 1.2</SimpleData>
            <SimpleData name="Fecha_visi">2026/09/01</SimpleData>
            <SimpleData name="Cumple_sup">Si</SimpleData>
            <SimpleData name="Estado_mon">?????? NO CUMPLE ??????</SimpleData>
            <SimpleData name="Situaci_12">Al momento del monitoreo de mantenimiento y asistencia t?cnica se observa que la parcela no cumple con las especificaciones t?cnicas establecidas.  Se visualiza faltante de especies forestales nativas y eucalipto.  La reposici?n no se realiz? en la t</SimpleData>
            <SimpleData name="Dias_trans">19.26018518520</SimpleData>
            <SimpleData name="Prioridad">ALTA</SimpleData>
          </SchemaData>
        </ExtendedData>
        <Point>
          <coordinates>
            -55.6682857983014,-24.2123760449753,0
          </coordinates>
        </Point>
      </Placemark>
      <Placemark id="Distrito_VILLA_YGATIM__.46">
        <ExtendedData>
          <SchemaData schemaUrl="#Distrito_VILLA_YGATIM__.schema">
            <SimpleData name="CÈdula">5797984.00000000000</SimpleData>
            <SimpleData name="cedula">5797984</SimpleData>
            <SimpleData name="N">262.00000000000</SimpleData>
            <SimpleData name="Nombres_y_">MAGDALENA VERA PEREIRA</SimpleData>
            <SimpleData name="Sexo">Mujer</SimpleData>
            <SimpleData name="Cambio_de_">NO</SimpleData>
            <SimpleData name="Titular_se">NO</SimpleData>
            <SimpleData name="SituaciÛn">NO</SimpleData>
            <SimpleData name="Comunidad">Ind?gena</SimpleData>
            <SimpleData name="Modelo_imp">Modelo 2</SimpleData>
            <SimpleData name="Departamen">CANINDEYU</SimpleData>
            <SimpleData name="Distrito">VILLA YGATIM?</SimpleData>
            <SimpleData name="Localidad">COM INDIG TEKOHA KA AGUY PORA POTY</SimpleData>
            <SimpleData name="TelÈfono">0986940715</SimpleData>
            <SimpleData name="Vivienda_L">-24.23038830000</SimpleData>
            <SimpleData name="Vivienda_1">-55.63568060000</SimpleData>
            <SimpleData name="Superficie">0.80000000000</SimpleData>
            <SimpleData name="Situaci_1">Pol?gono</SimpleData>
            <SimpleData name="Plantado">Si</SimpleData>
            <SimpleData name="Parcela_La">-24.23598390000</SimpleData>
            <SimpleData name="Parcela_Lo">-55.63235894000</SimpleData>
            <SimpleData name="Grupo_Impl">G2</SimpleData>
            <SimpleData name="Grupo_de_P">H-P3-XX-XX-XX</SimpleData>
            <SimpleData name="Jornales">0.00000000000</SimpleData>
            <SimpleData name="Monto">0.00000000000</SimpleData>
            <SimpleData name="Estado_del">Activo</SimpleData>
            <SimpleData name="Empresa">Hyh Consultores SRL</SimpleData>
            <SimpleData name="Lote">H</SimpleData>
            <SimpleData name="Monitorear">No</SimpleData>
            <SimpleData name="Fecha_de_M">-</SimpleData>
            <SimpleData name="F__de_pren">-</SimpleData>
            <SimpleData name="Estado_FAO">Verificar posible desercion</SimpleData>
            <SimpleData name="Etapa_de_i">Mantenimiento A?o 1.1</SimpleData>
            <SimpleData name="Fecha_visi">2026/06/03</SimpleData>
            <SimpleData name="Cumple_sup">Si</SimpleData>
            <SimpleData name="Estado_mon">-</SimpleData>
            <SimpleData name="Situaci_12">-</SimpleData>
            <SimpleData name="Observaci">Falta de inter?s o no ve el beneficio;;En alquiler</SimpleData>
            <SimpleData name="Dias_trans">109.35517163200</SimpleData>
            <SimpleData name="Prioridad">ALTA</SimpleData>
          </SchemaData>
        </ExtendedData>
        <Point>
          <coordinates>
            -55.6323589397717,-24.2359839049232,0
          </coordinates>
        </Point>
      </Placemark>
      <Placemark id="Distrito_VILLA_YGATIM__.47">
        <ExtendedData>
          <SchemaData schemaUrl="#Distrito_VILLA_YGATIM__.schema">
            <SimpleData name="CÈdula">3792238.00000000000</SimpleData>
            <SimpleData name="cedula">3792238</SimpleData>
            <SimpleData name="N">248.00000000000</SimpleData>
            <SimpleData name="Nombres_y_">FELIPE ITAPEGI</SimpleData>
            <SimpleData name="Sexo">Hombre</SimpleData>
            <SimpleData name="Cambio_de_">NO</SimpleData>
            <SimpleData name="Titular_se">NO</SimpleData>
            <SimpleData name="SituaciÛn">NO</SimpleData>
            <SimpleData name="Comunidad">Ind?gena</SimpleData>
            <SimpleData name="Modelo_imp">Modelo 1</SimpleData>
            <SimpleData name="Departamen">CANINDEYU</SimpleData>
            <SimpleData name="Distrito">VILLA YGATIM?</SimpleData>
            <SimpleData name="Localidad">COM INDIG CHUPA POU</SimpleData>
            <SimpleData name="TelÈfono">0986553936</SimpleData>
            <SimpleData name="Vivienda_L">-24.21243140000</SimpleData>
            <SimpleData name="Vivienda_1">-55.67035020000</SimpleData>
            <SimpleData name="Superficie">0.80000000000</SimpleData>
            <SimpleData name="Situaci_1">Pol?gono</SimpleData>
            <SimpleData name="Plantado">Si</SimpleData>
            <SimpleData name="Parcela_La">-24.21142377000</SimpleData>
            <SimpleData name="Parcela_Lo">-55.66973651000</SimpleData>
            <SimpleData name="Grupo_Impl">G2</SimpleData>
            <SimpleData name="Grupo_de_P">H-P2-P10P10-XX-XX</SimpleData>
            <SimpleData name="Jornales">4.00000000000</SimpleData>
            <SimpleData name="Monto">446008.00000000000</SimpleData>
            <SimpleData name="Estado_del">Activo</SimpleData>
            <SimpleData name="Empresa">Hyh Consultores SRL</SimpleData>
            <SimpleData name="Lote">H</SimpleData>
            <SimpleData name="Monitorear">No</SimpleData>
            <SimpleData name="Fecha_de_M">21/7/2026</SimpleData>
            <SimpleData name="F__de_pren">80</SimpleData>
            <SimpleData name="Estado_FAO">Monitorear Reposicion</SimpleData>
            <SimpleData name="Etapa_de_i">Mantenimiento A?o 1.2</SimpleData>
            <SimpleData name="Fecha_visi">2026/09/01</SimpleData>
            <SimpleData name="Cumple_sup">Si</SimpleData>
            <SimpleData name="Estado_mon">?????? NO CUMPLE ??????</SimpleData>
            <SimpleData name="Situaci_12">Al momento del monitoreo de mantenimiento y asistencia t?cnica se observa que la parcela no cumple con las especificaciones t?cnicas establecidas. Se sugiere reponer faltantes de especies de r?pido crecimiento y forestales nativas, adem?s de realizar</SimpleData>
            <SimpleData name="Dias_trans">19.20746527780</SimpleData>
            <SimpleData name="Prioridad">ALTA</SimpleData>
          </SchemaData>
        </ExtendedData>
        <Point>
          <coordinates>
            -55.6697365103041,-24.211423766749,0
          </coordinates>
        </Point>
      </Placemark>
      <Placemark id="Distrito_VILLA_YGATIM__.48">
        <ExtendedData>
          <SchemaData schemaUrl="#Distrito_VILLA_YGATIM__.schema">
            <SimpleData name="CÈdula">5569268.00000000000</SimpleData>
            <SimpleData name="cedula">5569268</SimpleData>
            <SimpleData name="N">256.00000000000</SimpleData>
            <SimpleData name="Nombres_y_">JULIANA BENITEZ MORALES</SimpleData>
            <SimpleData name="Sexo">Mujer</SimpleData>
            <SimpleData name="Cambio_de_">NO</SimpleData>
            <SimpleData name="Titular_se">NO</SimpleData>
            <SimpleData name="SituaciÛn">NO</SimpleData>
            <SimpleData name="Comunidad">Ind?gena</SimpleData>
            <SimpleData name="Modelo_imp">Modelo 5</SimpleData>
            <SimpleData name="Departamen">CANINDEYU</SimpleData>
            <SimpleData name="Distrito">VILLA YGATIM?</SimpleData>
            <SimpleData name="Localidad">COM INDIG KA AGUY PORA POTY</SimpleData>
            <SimpleData name="TelÈfono">0986532661</SimpleData>
            <SimpleData name="Vivienda_L">-24.20511380000</SimpleData>
            <SimpleData name="Vivienda_1">-55.66073730000</SimpleData>
            <SimpleData name="Superficie">0.70000000000</SimpleData>
            <SimpleData name="Situaci_1">Pol?gono</SimpleData>
            <SimpleData name="Plantado">Si</SimpleData>
            <SimpleData name="Parcela_La">-24.20573193000</SimpleData>
            <SimpleData name="Parcela_Lo">-55.65395643000</SimpleData>
            <SimpleData name="Grupo_Impl">G2</SimpleData>
            <SimpleData name="Grupo_de_P">H-P3-XX-XX-XX</SimpleData>
            <SimpleData name="Jornales">0.00000000000</SimpleData>
            <SimpleData name="Monto">0.00000000000</SimpleData>
            <SimpleData name="Estado_del">Activo</SimpleData>
            <SimpleData name="Empresa">Hyh Consultores SRL</SimpleData>
            <SimpleData name="Lote">H</SimpleData>
            <SimpleData name="Monitorear">No</SimpleData>
            <SimpleData name="Fecha_de_M">-</SimpleData>
            <SimpleData name="F__de_pren">-</SimpleData>
            <SimpleData name="Estado_FAO">Verificar posible desercion</SimpleData>
            <SimpleData name="Etapa_de_i">Mantenimiento A?o 1.1</SimpleData>
            <SimpleData name="Fecha_visi">2026/09/11</SimpleData>
            <SimpleData name="Cumple_sup">Si</SimpleData>
            <SimpleData name="Estado_mon">-</SimpleData>
            <SimpleData name="Situaci_12">-</SimpleData>
            <SimpleData name="Observaci">;Mudo en otra parcela C?trico;Mudo en otra parte su c?tricos</SimpleData>
            <SimpleData name="Dias_trans">9.39659505787</SimpleData>
            <SimpleData name="Prioridad">ALTA</SimpleData>
          </SchemaData>
        </ExtendedData>
        <Point>
          <coordinates>
            -55.6539564332106,-24.2057319339127,0
          </coordinates>
        </Point>
      </Placemark>
      <Placemark id="Distrito_VILLA_YGATIM__.49">
        <ExtendedData>
          <SchemaData schemaUrl="#Distrito_VILLA_YGATIM__.schema">
            <SimpleData name="CÈdula">5249994.00000000000</SimpleData>
            <SimpleData name="cedula">5249994</SimpleData>
            <SimpleData name="N">255.00000000000</SimpleData>
            <SimpleData name="Nombres_y_">DOMINGA ROJAS GONZALEZ</SimpleData>
            <SimpleData name="Sexo">Mujer</SimpleData>
            <SimpleData name="Cambio_de_">NO</SimpleData>
            <SimpleData name="Titular_se">NO</SimpleData>
            <SimpleData name="SituaciÛn">NO</SimpleData>
            <SimpleData name="Comunidad">Ind?gena</SimpleData>
            <SimpleData name="Modelo_imp">Modelo 1</SimpleData>
            <SimpleData name="Departamen">CANINDEYU</SimpleData>
            <SimpleData name="Distrito">VILLA YGATIM?</SimpleData>
            <SimpleData name="Localidad">COM INDIG ITANARAMI 8 DE DICIEMBRE</SimpleData>
            <SimpleData name="TelÈfono">0983135986</SimpleData>
            <SimpleData name="Vivienda_L">-24.08537550000</SimpleData>
            <SimpleData name="Vivienda_1">-55.70399840000</SimpleData>
            <SimpleData name="Superficie">0.80000000000</SimpleData>
            <SimpleData name="Situaci_1">Par?metro</SimpleData>
            <SimpleData name="Plantado">Si</SimpleData>
            <SimpleData name="Parcela_La">-24.08682190000</SimpleData>
            <SimpleData name="Parcela_Lo">-55.71112110000</SimpleData>
            <SimpleData name="Grupo_Impl">G2</SimpleData>
            <SimpleData name="Grupo_de_P">H-P7-XX-XX-XX</SimpleData>
            <SimpleData name="Jornales">0.00000000000</SimpleData>
            <SimpleData name="Monto">0.00000000000</SimpleData>
            <SimpleData name="Estado_del">Activo</SimpleData>
            <SimpleData name="Empresa">Hyh Consultores SRL</SimpleData>
            <SimpleData name="Lote">H</SimpleData>
            <SimpleData name="Monitorear">No</SimpleData>
            <SimpleData name="Fecha_de_M">16/7/2026</SimpleData>
            <SimpleData name="F__de_pren">90</SimpleData>
            <SimpleData name="Estado_FAO">Monitorear Reposicion</SimpleData>
            <SimpleData name="Etapa_de_i">Mantenimiento A?o 1.1</SimpleData>
            <SimpleData name="Fecha_visi">2026/09/02</SimpleData>
            <SimpleData name="Cumple_sup">Si</SimpleData>
            <SimpleData name="Estado_mon">?????? NO CUMPLE ??????</SimpleData>
            <SimpleData name="Situaci_12">Se visualiza picada de gramineas invasoras(pasto colonial) en las hileras y se realiz? la aplicaci?n de herbicidas matatodo en las mismas, no obstante se recomienda el control de las gramineas en las melgas con el uso de rastra liviana</SimpleData>
            <SimpleData name="Dias_trans">18.34135416670</SimpleData>
            <SimpleData name="Prioridad">ALTA</SimpleData>
          </SchemaData>
        </ExtendedData>
        <Point>
          <coordinates>
            -55.7111210990383,-24.0868219002537,0
          </coordinates>
        </Point>
      </Placemark>
      <Placemark id="Distrito_VILLA_YGATIM__.50">
        <ExtendedData>
          <SchemaData schemaUrl="#Distrito_VILLA_YGATIM__.schema">
            <SimpleData name="CÈdula">6742950.00000000000</SimpleData>
            <SimpleData name="cedula">6742950</SimpleData>
            <SimpleData name="N">266.00000000000</SimpleData>
            <SimpleData name="Nombres_y_">DELIA NU EZ DUARTE</SimpleData>
            <SimpleData name="Sexo">Mujer</SimpleData>
            <SimpleData name="Cambio_de_">NO</SimpleData>
            <SimpleData name="Titular_se">NO</SimpleData>
            <SimpleData name="SituaciÛn">NO</SimpleData>
            <SimpleData name="Comunidad">Ind?gena</SimpleData>
            <SimpleData name="Modelo_imp">Modelo 1</SimpleData>
            <SimpleData name="Departamen">CANINDEYU</SimpleData>
            <SimpleData name="Distrito">VILLA YGATIM?</SimpleData>
            <SimpleData name="Localidad">COM INDIG MBOI JAGUA - CA?ADITA</SimpleData>
            <SimpleData name="TelÈfono">1234567890</SimpleData>
            <SimpleData name="Vivienda_L">-24.11944030000</SimpleData>
            <SimpleData name="Vivienda_1">-55.57120490000</SimpleData>
            <SimpleData name="Superficie">0.80000000000</SimpleData>
            <SimpleData name="Situaci_1">Parametro</SimpleData>
            <SimpleData name="Plantado">Si</SimpleData>
            <SimpleData name="Parcela_La">-24.12437131000</SimpleData>
            <SimpleData name="Parcela_Lo">-55.56355281000</SimpleData>
            <SimpleData name="Grupo_Impl">G2</SimpleData>
            <SimpleData name="Grupo_de_P">H-P12-XX-XX-XX</SimpleData>
            <SimpleData name="Jornales">0.00000000000</SimpleData>
            <SimpleData name="Monto">0.00000000000</SimpleData>
            <SimpleData name="Estado_del">Activo</SimpleData>
            <SimpleData name="Empresa">Hyh Consultores SRL</SimpleData>
            <SimpleData name="Lote">H</SimpleData>
            <SimpleData name="Monitorear">Si</SimpleData>
            <SimpleData name="Fecha_de_M">-</SimpleData>
            <SimpleData name="F__de_pren">-</SimpleData>
            <SimpleData name="Estado_FAO">Verificar posible desercion</SimpleData>
            <SimpleData name="Etapa_de_i">Mantenimiento A?o 1.1</SimpleData>
            <SimpleData name="Fecha_visi">2026/09/04</SimpleData>
            <SimpleData name="Cumple_sup">Si</SimpleData>
            <SimpleData name="Estado_mon">-</SimpleData>
            <SimpleData name="Situaci_12">-</SimpleData>
            <SimpleData name="Observaci">Incendios;;Se quemo la parcela y no hay ninguna Planta</SimpleData>
            <SimpleData name="Dias_trans">16.66120840280</SimpleData>
            <SimpleData name="Prioridad">ALTA</SimpleData>
          </SchemaData>
        </ExtendedData>
        <Point>
          <coordinates>
            -55.5635528108985,-24.1243713100985,0
          </coordinates>
        </Point>
      </Placemark>
      <Placemark id="Distrito_VILLA_YGATIM__.51">
        <ExtendedData>
          <SchemaData schemaUrl="#Distrito_VILLA_YGATIM__.schema">
            <SimpleData name="CÈdula">4544983.00000000000</SimpleData>
            <SimpleData name="cedula">4544983</SimpleData>
            <SimpleData name="N">244.00000000000</SimpleData>
            <SimpleData name="Nombres_y_">MERCEDES ROJAS GONZALEZ</SimpleData>
            <SimpleData name="Sexo">Mujer</SimpleData>
            <SimpleData name="Cambio_de_">NO</SimpleData>
            <SimpleData name="Titular_se">NO</SimpleData>
            <SimpleData name="SituaciÛn">NO</SimpleData>
            <SimpleData name="Comunidad">Ind?gena</SimpleData>
            <SimpleData name="Modelo_imp">Modelo 2</SimpleData>
            <SimpleData name="Departamen">CANINDEYU</SimpleData>
            <SimpleData name="Distrito">VILLA YGATIM?</SimpleData>
            <SimpleData name="Localidad">COM INDIG ITANARAMI 8 DE DICIEMBRE</SimpleData>
            <SimpleData name="TelÈfono">0986559915</SimpleData>
            <SimpleData name="Vivienda_L">-24.08804980000</SimpleData>
            <SimpleData name="Vivienda_1">-55.70191420000</SimpleData>
            <SimpleData name="Superficie">0.80000000000</SimpleData>
            <SimpleData name="Situaci_1">Pol?gono</SimpleData>
            <SimpleData name="Plantado">Si</SimpleData>
            <SimpleData name="Parcela_La">-24.08901003000</SimpleData>
            <SimpleData name="Parcela_Lo">-55.70644506000</SimpleData>
            <SimpleData name="Grupo_Impl">G2</SimpleData>
            <SimpleData name="Grupo_de_P">H-P3-XX-XX-XX</SimpleData>
            <SimpleData name="Jornales">0.00000000000</SimpleData>
            <SimpleData name="Monto">0.00000000000</SimpleData>
            <SimpleData name="Estado_del">Activo</SimpleData>
            <SimpleData name="Empresa">Hyh Consultores SRL</SimpleData>
            <SimpleData name="Lote">H</SimpleData>
            <SimpleData name="Monitorear">No</SimpleData>
            <SimpleData name="Fecha_de_M">9/6/2026</SimpleData>
            <SimpleData name="F__de_pren">40</SimpleData>
            <SimpleData name="Estado_FAO">Monitorear Reposicion</SimpleData>
            <SimpleData name="Etapa_de_i">Mantenimiento A?o 1.1</SimpleData>
            <SimpleData name="Fecha_visi">2026/09/01</SimpleData>
            <SimpleData name="Cumple_sup">Si</SimpleData>
            <SimpleData name="Estado_mon">?????? NO CUMPLE ??????</SimpleData>
            <SimpleData name="Situaci_12">Al momento del monitoreo de mantenimiento y asistencia t?cnica se observa que la parcela no cumple con las especificaciones establecidas.  Se observa que el mantenimiento de la parcela no fue realizado en tu totalidad visualiz?ndose una parte important</SimpleData>
            <SimpleData name="Dias_trans">19.16762731480</SimpleData>
            <SimpleData name="Prioridad">ALTA</SimpleData>
          </SchemaData>
        </ExtendedData>
        <Point>
          <coordinates>
            -55.7064450565357,-24.0890100318541,0
          </coordinates>
        </Point>
      </Placemark>
      <Placemark id="Distrito_VILLA_YGATIM__.52">
        <ExtendedData>
          <SchemaData schemaUrl="#Distrito_VILLA_YGATIM__.schema">
            <SimpleData name="CÈdula">6349364.00000000000</SimpleData>
            <SimpleData name="cedula">6349364</SimpleData>
            <SimpleData name="N">226.00000000000</SimpleData>
            <SimpleData name="Nombres_y_">CORNELIA MBEPEGI KRACHOGI MBEPURANGI</SimpleData>
            <SimpleData name="Sexo">Mujer</SimpleData>
            <SimpleData name="Cambio_de_">NO</SimpleData>
            <SimpleData name="Titular_se">NO</SimpleData>
            <SimpleData name="SituaciÛn">NO</SimpleData>
            <SimpleData name="Comunidad">Ind?gena</SimpleData>
            <SimpleData name="Modelo_imp">Modelo 1</SimpleData>
            <SimpleData name="Departamen">CANINDEYU</SimpleData>
            <SimpleData name="Distrito">VILLA YGATIM?</SimpleData>
            <SimpleData name="Localidad">COM INDIG CHUPA POU</SimpleData>
            <SimpleData name="TelÈfono">0986555289</SimpleData>
            <SimpleData name="Vivienda_L">-24.20880670000</SimpleData>
            <SimpleData name="Vivienda_1">-55.67963170000</SimpleData>
            <SimpleData name="Superficie">0.80000000000</SimpleData>
            <SimpleData name="Situaci_1">Pol?gono</SimpleData>
            <SimpleData name="Plantado">Si</SimpleData>
            <SimpleData name="Parcela_La">-24.20351122000</SimpleData>
            <SimpleData name="Parcela_Lo">-55.68176613000</SimpleData>
            <SimpleData name="Grupo_Impl">G2</SimpleData>
            <SimpleData name="Grupo_de_P">H-P2-P10P10-XX-XX</SimpleData>
            <SimpleData name="Jornales">4.00000000000</SimpleData>
            <SimpleData name="Monto">446008.00000000000</SimpleData>
            <SimpleData name="Estado_del">Activo</SimpleData>
            <SimpleData name="Empresa">Hyh Consultores SRL</SimpleData>
            <SimpleData name="Lote">H</SimpleData>
            <SimpleData name="Monitorear">No</SimpleData>
            <SimpleData name="Fecha_de_M">-</SimpleData>
            <SimpleData name="F__de_pren">-</SimpleData>
            <SimpleData name="Estado_FAO">Monitorear</SimpleData>
            <SimpleData name="Etapa_de_i">Mantenimiento A?o 1.2</SimpleData>
            <SimpleData name="Fecha_visi">2026/08/29</SimpleData>
            <SimpleData name="Cumple_sup">Si</SimpleData>
            <SimpleData name="Estado_mon">-</SimpleData>
            <SimpleData name="Situaci_12">-</SimpleData>
            <SimpleData name="Dias_trans">22.42844907410</SimpleData>
            <SimpleData name="Prioridad">ALTA</SimpleData>
          </SchemaData>
        </ExtendedData>
        <Point>
          <coordinates>
            -55.6817661259935,-24.2035112236266,0
          </coordinates>
        </Point>
      </Placemark>
      <Placemark id="Distrito_VILLA_YGATIM__.53">
        <ExtendedData>
          <SchemaData schemaUrl="#Distrito_VILLA_YGATIM__.schema">
            <SimpleData name="CÈdula">6349370.00000000000</SimpleData>
            <SimpleData name="cedula">6349370</SimpleData>
            <SimpleData name="N">279.00000000000</SimpleData>
            <SimpleData name="Nombres_y_">HERODIA KREMBEGI PAYVANGI KUCHINGI</SimpleData>
            <SimpleData name="Sexo">Mujer</SimpleData>
            <SimpleData name="Cambio_de_">NO</SimpleData>
            <SimpleData name="Titular_se">NO</SimpleData>
            <SimpleData name="SituaciÛn">NO</SimpleData>
            <SimpleData name="Comunidad">Ind?gena</SimpleData>
            <SimpleData name="Modelo_imp">Modelo 1</SimpleData>
            <SimpleData name="Departamen">CANINDEYU</SimpleData>
            <SimpleData name="Distrito">VILLA YGATIM?</SimpleData>
            <SimpleData name="Localidad">COM INDIG CHUPA POU</SimpleData>
            <SimpleData name="TelÈfono">984526256</SimpleData>
            <SimpleData name="Vivienda_L">-24.21021170000</SimpleData>
            <SimpleData name="Vivienda_1">-55.67404500000</SimpleData>
            <SimpleData name="Superficie">0.80000000000</SimpleData>
            <SimpleData name="Situaci_1">Pol?gono</SimpleData>
            <SimpleData name="Plantado">Si</SimpleData>
            <SimpleData name="Parcela_La">-24.21974309000</SimpleData>
            <SimpleData name="Parcela_Lo">-55.66366803000</SimpleData>
            <SimpleData name="Grupo_Impl">G2</SimpleData>
            <SimpleData name="Grupo_de_P">H-P3-XX-XX-XX</SimpleData>
            <SimpleData name="Jornales">0.00000000000</SimpleData>
            <SimpleData name="Monto">0.00000000000</SimpleData>
            <SimpleData name="Estado_del">Activo</SimpleData>
            <SimpleData name="Empresa">Hyh Consultores SRL</SimpleData>
            <SimpleData name="Lote">H</SimpleData>
            <SimpleData name="Monitorear">No</SimpleData>
            <SimpleData name="Fecha_de_M">12/8/2026</SimpleData>
            <SimpleData name="F__de_pren">70</SimpleData>
            <SimpleData name="Estado_FAO">Monitorear Reposicion</SimpleData>
            <SimpleData name="Etapa_de_i">Mantenimiento A?o 1.1</SimpleData>
            <SimpleData name="Fecha_visi">2026/09/03</SimpleData>
            <SimpleData name="Cumple_sup">Si</SimpleData>
            <SimpleData name="Estado_mon">?????? NO CUMPLE ??????</SimpleData>
            <SimpleData name="Situaci_12">Al momento del monitoreo de mantenimiento y asistencia t?cnica se observa que la parcela no cumple con las especificaciones t?cnicas establecidas. Se visualiza presencia de malezas invasoras (gram?neas) y faltantes de plantines de especies forestales</SimpleData>
            <SimpleData name="Dias_trans">17.30881944440</SimpleData>
            <SimpleData name="Prioridad">ALTA</SimpleData>
          </SchemaData>
        </ExtendedData>
        <Point>
          <coordinates>
            -55.663668033518,-24.2197430907232,0
          </coordinates>
        </Point>
      </Placemark>
      <Placemark id="Distrito_VILLA_YGATIM__.54">
        <ExtendedData>
          <SchemaData schemaUrl="#Distrito_VILLA_YGATIM__.schema">
            <SimpleData name="CÈdula">8348512.00000000000</SimpleData>
            <SimpleData name="cedula">8348512</SimpleData>
            <SimpleData name="N">234.00000000000</SimpleData>
            <SimpleData name="Nombres_y_">CINTHIA SABINA LOPEZ GAUTO</SimpleData>
            <SimpleData name="Sexo">Mujer</SimpleData>
            <SimpleData name="Cambio_de_">NO</SimpleData>
            <SimpleData name="Titular_se">NO</SimpleData>
            <SimpleData name="SituaciÛn">NO</SimpleData>
            <SimpleData name="Comunidad">Ind?gena</SimpleData>
            <SimpleData name="Modelo_imp">Modelo 2</SimpleData>
            <SimpleData name="Departamen">CANINDEYU</SimpleData>
            <SimpleData name="Distrito">VILLA YGATIM?</SimpleData>
            <SimpleData name="Localidad">COM INDIG ITANARAMI 8 DE DICIEMBRE</SimpleData>
            <SimpleData name="TelÈfono">0986563844</SimpleData>
            <SimpleData name="Vivienda_L">-24.09097990000</SimpleData>
            <SimpleData name="Vivienda_1">-55.69921520000</SimpleData>
            <SimpleData name="Superficie">0.80000000000</SimpleData>
            <SimpleData name="Situaci_1">Pol?gono</SimpleData>
            <SimpleData name="Plantado">Si</SimpleData>
            <SimpleData name="Parcela_La">-24.09214623000</SimpleData>
            <SimpleData name="Parcela_Lo">-55.70171127000</SimpleData>
            <SimpleData name="Grupo_Impl">G2</SimpleData>
            <SimpleData name="Grupo_de_P">H-P3-XX-XX-XX</SimpleData>
            <SimpleData name="Jornales">0.00000000000</SimpleData>
            <SimpleData name="Monto">0.00000000000</SimpleData>
            <SimpleData name="Estado_del">Activo</SimpleData>
            <SimpleData name="Empresa">Hyh Consultores SRL</SimpleData>
            <SimpleData name="Lote">H</SimpleData>
            <SimpleData name="Monitorear">No</SimpleData>
            <SimpleData name="Fecha_de_M">-</SimpleData>
            <SimpleData name="F__de_pren">-</SimpleData>
            <SimpleData name="Estado_FAO">Verificar posible desercion</SimpleData>
            <SimpleData name="Etapa_de_i">Mantenimiento A?o 1.1</SimpleData>
            <SimpleData name="Fecha_visi">2026/09/01</SimpleData>
            <SimpleData name="Cumple_sup">Si</SimpleData>
            <SimpleData name="Estado_mon">-</SimpleData>
            <SimpleData name="Situaci_12">-</SimpleData>
            <SimpleData name="Observaci">Falta de inter?s o no ve el beneficio;;Parcela abandonada</SimpleData>
            <SimpleData name="Dias_trans">19.66960832180</SimpleData>
            <SimpleData name="Prioridad">ALTA</SimpleData>
          </SchemaData>
        </ExtendedData>
        <Point>
          <coordinates>
            -55.7017112705062,-24.0921462254224,0
          </coordinates>
        </Point>
      </Placemark>
      <Placemark id="Distrito_VILLA_YGATIM__.55">
        <ExtendedData>
          <SchemaData schemaUrl="#Distrito_VILLA_YGATIM__.schema">
            <SimpleData name="CÈdula">7808312.00000000000</SimpleData>
            <SimpleData name="cedula">7808312</SimpleData>
            <SimpleData name="N">229.00000000000</SimpleData>
            <SimpleData name="Nombres_y_">FRANCISCA PIRAJUGI</SimpleData>
            <SimpleData name="Sexo">Mujer</SimpleData>
            <SimpleData name="Cambio_de_">NO</SimpleData>
            <SimpleData name="Titular_se">NO</SimpleData>
            <SimpleData name="SituaciÛn">NO</SimpleData>
            <SimpleData name="Comunidad">Ind?gena</SimpleData>
            <SimpleData name="Modelo_imp">Modelo 1</SimpleData>
            <SimpleData name="Departamen">CANINDEYU</SimpleData>
            <SimpleData name="Distrito">VILLA YGATIM?</SimpleData>
            <SimpleData name="Localidad">COM INDIG CHUPA POU</SimpleData>
            <SimpleData name="TelÈfono">0985201928</SimpleData>
            <SimpleData name="Vivienda_L">-24.20853000000</SimpleData>
            <SimpleData name="Vivienda_1">-55.67690000000</SimpleData>
            <SimpleData name="Superficie">0.80000000000</SimpleData>
            <SimpleData name="Situaci_1">Pol?gono</SimpleData>
            <SimpleData name="Plantado">Si</SimpleData>
            <SimpleData name="Parcela_La">-24.20762327000</SimpleData>
            <SimpleData name="Parcela_Lo">-55.67711594000</SimpleData>
            <SimpleData name="Grupo_Impl">G2</SimpleData>
            <SimpleData name="Grupo_de_P">H-P2-P10P10-XX-XX</SimpleData>
            <SimpleData name="Jornales">4.00000000000</SimpleData>
            <SimpleData name="Monto">446008.00000000000</SimpleData>
            <SimpleData name="Estado_del">Activo</SimpleData>
            <SimpleData name="Empresa">Hyh Consultores SRL</SimpleData>
            <SimpleData name="Lote">H</SimpleData>
            <SimpleData name="Monitorear">No</SimpleData>
            <SimpleData name="Fecha_de_M">21/7/2026</SimpleData>
            <SimpleData name="F__de_pren">80</SimpleData>
            <SimpleData name="Estado_FAO">Monitorear Reposicion</SimpleData>
            <SimpleData name="Etapa_de_i">Mantenimiento A?o 1.2</SimpleData>
            <SimpleData name="Fecha_visi">2026/07/14</SimpleData>
            <SimpleData name="Cumple_sup">Si</SimpleData>
            <SimpleData name="Estado_mon">?????? NO CUMPLE ??????</SimpleData>
            <SimpleData name="Situaci_12">Al momento del monitoreo de mantenimiento y asistencia t?cnica se observa que la parcela no cumple con las especificaciones t?cnicas establecidas.  La reposici?n de plantines de eucalipto presenta falta de prendimiento. Se sugiere reponer nuevamente l</SimpleData>
            <SimpleData name="Dias_trans">68.47496527780</SimpleData>
            <SimpleData name="Prioridad">ALTA</SimpleData>
          </SchemaData>
        </ExtendedData>
        <Point>
          <coordinates>
            -55.6771159402896,-24.2076232733965,0
          </coordinates>
        </Point>
      </Placemark>
      <Placemark id="Distrito_VILLA_YGATIM__.56">
        <ExtendedData>
          <SchemaData schemaUrl="#Distrito_VILLA_YGATIM__.schema">
            <SimpleData name="CÈdula">6349328.00000000000</SimpleData>
            <SimpleData name="cedula">6349328</SimpleData>
            <SimpleData name="N">277.00000000000</SimpleData>
            <SimpleData name="Nombres_y_">VERONICA MEMBOPURANGI PIRAGI KRYGI</SimpleData>
            <SimpleData name="Sexo">Mujer</SimpleData>
            <SimpleData name="Cambio_de_">NO</SimpleData>
            <SimpleData name="Titular_se">NO</SimpleData>
            <SimpleData name="SituaciÛn">NO</SimpleData>
            <SimpleData name="Comunidad">Ind?gena</SimpleData>
            <SimpleData name="Modelo_imp">Modelo 1</SimpleData>
            <SimpleData name="Departamen">CANINDEYU</SimpleData>
            <SimpleData name="Distrito">VILLA YGATIM?</SimpleData>
            <SimpleData name="Localidad">COM INDIG CHUPA POU</SimpleData>
            <SimpleData name="TelÈfono">1234567890</SimpleData>
            <SimpleData name="Vivienda_L">-24.21440000000</SimpleData>
            <SimpleData name="Vivienda_1">-55.66762500000</SimpleData>
            <SimpleData name="Superficie">0.80000000000</SimpleData>
            <SimpleData name="Situaci_1">Pol?gono</SimpleData>
            <SimpleData name="Plantado">Si</SimpleData>
            <SimpleData name="Parcela_La">-24.22262311000</SimpleData>
            <SimpleData name="Parcela_Lo">-55.67042716000</SimpleData>
            <SimpleData name="Grupo_Impl">G2</SimpleData>
            <SimpleData name="Grupo_de_P">H-P3-XX-XX-XX</SimpleData>
            <SimpleData name="Jornales">0.00000000000</SimpleData>
            <SimpleData name="Monto">0.00000000000</SimpleData>
            <SimpleData name="Estado_del">Activo</SimpleData>
            <SimpleData name="Empresa">Hyh Consultores SRL</SimpleData>
            <SimpleData name="Lote">H</SimpleData>
            <SimpleData name="Monitorear">No</SimpleData>
            <SimpleData name="Fecha_de_M">12/8/2026</SimpleData>
            <SimpleData name="F__de_pren">70</SimpleData>
            <SimpleData name="Estado_FAO">Monitorear Reposicion</SimpleData>
            <SimpleData name="Etapa_de_i">Mantenimiento A?o 1.1</SimpleData>
            <SimpleData name="Fecha_visi">2026/09/02</SimpleData>
            <SimpleData name="Cumple_sup">Si</SimpleData>
            <SimpleData name="Estado_mon">?????? NO CUMPLE ??????</SimpleData>
            <SimpleData name="Situaci_12">Al momento del monitoreo de mantenimiento y asistencia t?cnica se observa que la parcela no cumple con las especificaciones t?cnicas establecidas. Se sugiere limpieza de callejones con rastra melga, reposici?n de plantines de especies forestales nativ</SimpleData>
            <SimpleData name="Dias_trans">18.17925925930</SimpleData>
            <SimpleData name="Prioridad">ALTA</SimpleData>
          </SchemaData>
        </ExtendedData>
        <Point>
          <coordinates>
            -55.6704271558547,-24.222623106618,0
          </coordinates>
        </Point>
      </Placemark>
      <Placemark id="Distrito_VILLA_YGATIM__.57">
        <ExtendedData>
          <SchemaData schemaUrl="#Distrito_VILLA_YGATIM__.schema">
            <SimpleData name="CÈdula">4664472.00000000000</SimpleData>
            <SimpleData name="cedula">4664472</SimpleData>
            <SimpleData name="N">218.00000000000</SimpleData>
            <SimpleData name="Nombres_y_">MIRIAN ADELA FRANCO SUAREZ</SimpleData>
            <SimpleData name="Sexo">Mujer</SimpleData>
            <SimpleData name="Cambio_de_">NO</SimpleData>
            <SimpleData name="Titular_se">NO</SimpleData>
            <SimpleData name="SituaciÛn">NO</SimpleData>
            <SimpleData name="Comunidad">Campesina</SimpleData>
            <SimpleData name="Modelo_imp">Modelo 1</SimpleData>
            <SimpleData name="Departamen">CANINDEYU</SimpleData>
            <SimpleData name="Distrito">VILLA YGATIM?</SimpleData>
            <SimpleData name="Localidad">SDA. FAMILIA</SimpleData>
            <SimpleData name="TelÈfono">0975396154</SimpleData>
            <SimpleData name="Vivienda_L">-24.12380460000</SimpleData>
            <SimpleData name="Vivienda_1">-55.63474770000</SimpleData>
            <SimpleData name="Superficie">0.80000000000</SimpleData>
            <SimpleData name="Situaci_1">Pol?gono</SimpleData>
            <SimpleData name="Plantado">Si</SimpleData>
            <SimpleData name="Parcela_La">-24.12189825000</SimpleData>
            <SimpleData name="Parcela_Lo">-55.63243576000</SimpleData>
            <SimpleData name="Grupo_Impl">G2</SimpleData>
            <SimpleData name="Grupo_de_P">H-P2-P11X-XX-XX</SimpleData>
            <SimpleData name="Jornales">0.00000000000</SimpleData>
            <SimpleData name="Monto">0.00000000000</SimpleData>
            <SimpleData name="Estado_del">Activo</SimpleData>
            <SimpleData name="Empresa">Hyh Consultores SRL</SimpleData>
            <SimpleData name="Lote">H</SimpleData>
            <SimpleData name="Monitorear">Si</SimpleData>
            <SimpleData name="Fecha_de_M">-</SimpleData>
            <SimpleData name="F__de_pren">-</SimpleData>
            <SimpleData name="Estado_FAO">Verificar posible desercion</SimpleData>
            <SimpleData name="Etapa_de_i">Mantenimiento A?o 1.1</SimpleData>
            <SimpleData name="Fecha_visi">2026/09/16</SimpleData>
            <SimpleData name="Cumple_sup">Si</SimpleData>
            <SimpleData name="Estado_mon">-</SimpleData>
            <SimpleData name="Situaci_12">-</SimpleData>
            <SimpleData name="Observaci">;Meten animales en la parcela y destruy? el 80% de las plantas de Eucalipto rompiendo todo las ramas;Meten animales en la parcela</SimpleData>
            <SimpleData name="Dias_trans">4.40101978009</SimpleData>
            <SimpleData name="Prioridad">ALTA</SimpleData>
          </SchemaData>
        </ExtendedData>
        <Point>
          <coordinates>
            -55.6324357604208,-24.1218982474168,0
          </coordinates>
        </Point>
      </Placemark>
      <Placemark id="Distrito_VILLA_YGATIM__.58">
        <ExtendedData>
          <SchemaData schemaUrl="#Distrito_VILLA_YGATIM__.schema">
            <SimpleData name="CÈdula">6349311.00000000000</SimpleData>
            <SimpleData name="cedula">6349311</SimpleData>
            <SimpleData name="N">233.00000000000</SimpleData>
            <SimpleData name="Nombres_y_">MARIA NAMBUGI MIRANDA TATUGI</SimpleData>
            <SimpleData name="Sexo">Mujer</SimpleData>
            <SimpleData name="Cambio_de_">NO</SimpleData>
            <SimpleData name="Titular_se">NO</SimpleData>
            <SimpleData name="SituaciÛn">NO</SimpleData>
            <SimpleData name="Comunidad">Ind?gena</SimpleData>
            <SimpleData name="Modelo_imp">Modelo 2</SimpleData>
            <SimpleData name="Departamen">CANINDEYU</SimpleData>
            <SimpleData name="Distrito">VILLA YGATIM?</SimpleData>
            <SimpleData name="Localidad">COM INDIG CHUPA POU</SimpleData>
            <SimpleData name="TelÈfono">0986557982</SimpleData>
            <SimpleData name="Vivienda_L">-24.20820810000</SimpleData>
            <SimpleData name="Vivienda_1">-55.67479310000</SimpleData>
            <SimpleData name="Superficie">0.80000000000</SimpleData>
            <SimpleData name="Situaci_1">Pol?gono</SimpleData>
            <SimpleData name="Plantado">Si</SimpleData>
            <SimpleData name="Parcela_La">-24.20758221000</SimpleData>
            <SimpleData name="Parcela_Lo">-55.67505323000</SimpleData>
            <SimpleData name="Grupo_Impl">G2</SimpleData>
            <SimpleData name="Grupo_de_P">H-P2-P10P10-XX-XX</SimpleData>
            <SimpleData name="Jornales">4.00000000000</SimpleData>
            <SimpleData name="Monto">446008.00000000000</SimpleData>
            <SimpleData name="Estado_del">Activo</SimpleData>
            <SimpleData name="Empresa">Hyh Consultores SRL</SimpleData>
            <SimpleData name="Lote">H</SimpleData>
            <SimpleData name="Monitorear">No</SimpleData>
            <SimpleData name="Fecha_de_M">21/7/2026</SimpleData>
            <SimpleData name="F__de_pren">50</SimpleData>
            <SimpleData name="Estado_FAO">Monitorear Reposicion</SimpleData>
            <SimpleData name="Etapa_de_i">Mantenimiento A?o 1.2</SimpleData>
            <SimpleData name="Fecha_visi">2026/09/02</SimpleData>
            <SimpleData name="Cumple_sup">Si</SimpleData>
            <SimpleData name="Estado_mon">?????? NO CUMPLE ??????</SimpleData>
            <SimpleData name="Situaci_12">Al momento del monitoreo de mantenimiento y asistencia t?cnica se observa que la parcela no cumple con las especificaciones t?cnicas establecidas.  Se verifica faltante de especies forestales nativas y eucalipto.  La reposici?n no se realiz? en la to</SimpleData>
            <SimpleData name="Dias_trans">18.24476851850</SimpleData>
            <SimpleData name="Prioridad">ALTA</SimpleData>
          </SchemaData>
        </ExtendedData>
        <Point>
          <coordinates>
            -55.6750532334071,-24.2075822093836,0
          </coordinates>
        </Point>
      </Placemark>
      <Placemark id="Distrito_VILLA_YGATIM__.59">
        <ExtendedData>
          <SchemaData schemaUrl="#Distrito_VILLA_YGATIM__.schema">
            <SimpleData name="CÈdula">4173716.00000000000</SimpleData>
            <SimpleData name="cedula">4173716</SimpleData>
            <SimpleData name="N">222.00000000000</SimpleData>
            <SimpleData name="Nombres_y_">ESTHER JAMONGI</SimpleData>
            <SimpleData name="Sexo">Mujer</SimpleData>
            <SimpleData name="Cambio_de_">NO</SimpleData>
            <SimpleData name="Titular_se">NO</SimpleData>
            <SimpleData name="SituaciÛn">NO</SimpleData>
            <SimpleData name="Comunidad">Ind?gena</SimpleData>
            <SimpleData name="Modelo_imp">Modelo 1</SimpleData>
            <SimpleData name="Departamen">CANINDEYU</SimpleData>
            <SimpleData name="Distrito">VILLA YGATIM?</SimpleData>
            <SimpleData name="Localidad">COM INDIG CHUPA POU</SimpleData>
            <SimpleData name="TelÈfono">0983552877</SimpleData>
            <SimpleData name="Vivienda_L">-24.20866170000</SimpleData>
            <SimpleData name="Vivienda_1">-55.67846670000</SimpleData>
            <SimpleData name="Superficie">0.80000000000</SimpleData>
            <SimpleData name="Situaci_1">Pol?gono</SimpleData>
            <SimpleData name="Plantado">Si</SimpleData>
            <SimpleData name="Parcela_La">-24.20750682000</SimpleData>
            <SimpleData name="Parcela_Lo">-55.67892728000</SimpleData>
            <SimpleData name="Grupo_Impl">G2</SimpleData>
            <SimpleData name="Grupo_de_P">H-P3-P10P10-XX-XX</SimpleData>
            <SimpleData name="Jornales">4.00000000000</SimpleData>
            <SimpleData name="Monto">446008.00000000000</SimpleData>
            <SimpleData name="Estado_del">Activo</SimpleData>
            <SimpleData name="Empresa">Hyh Consultores SRL</SimpleData>
            <SimpleData name="Lote">H</SimpleData>
            <SimpleData name="Monitorear">No</SimpleData>
            <SimpleData name="Fecha_de_M">21/7/2026</SimpleData>
            <SimpleData name="F__de_pren">80</SimpleData>
            <SimpleData name="Estado_FAO">Monitorear Reposicion</SimpleData>
            <SimpleData name="Etapa_de_i">Mantenimiento A?o 1.2</SimpleData>
            <SimpleData name="Fecha_visi">2026/07/13</SimpleData>
            <SimpleData name="Cumple_sup">Si</SimpleData>
            <SimpleData name="Estado_mon">?????? NO CUMPLE ??????</SimpleData>
            <SimpleData name="Situaci_12">Al momento del monitoreo de mantenimiento y asistencia t?cnica se observa que la parcela no cumple con las especificaciones t?cnicas establecidas.  Se ve especies forestales nativas en falta.  La reposici?n no se realiz? en la totalidad de la parcela</SimpleData>
            <SimpleData name="Dias_trans">69.22336805560</SimpleData>
            <SimpleData name="Prioridad">ALTA</SimpleData>
          </SchemaData>
        </ExtendedData>
        <Point>
          <coordinates>
            -55.6789272825771,-24.2075068228208,0
          </coordinates>
        </Point>
      </Placemark>
      <Placemark id="Distrito_VILLA_YGATIM__.60">
        <ExtendedData>
          <SchemaData schemaUrl="#Distrito_VILLA_YGATIM__.schema">
            <SimpleData name="CÈdula">6314557.00000000000</SimpleData>
            <SimpleData name="cedula">6314557</SimpleData>
            <SimpleData name="N">250.00000000000</SimpleData>
            <SimpleData name="Nombres_y_">DORKA KREMBEGI TAKUANGI MBYVANGI</SimpleData>
            <SimpleData name="Sexo">Mujer</SimpleData>
            <SimpleData name="Cambio_de_">NO</SimpleData>
            <SimpleData name="Titular_se">NO</SimpleData>
            <SimpleData name="SituaciÛn">NO</SimpleData>
            <SimpleData name="Comunidad">Ind?gena</SimpleData>
            <SimpleData name="Modelo_imp">Modelo 4</SimpleData>
            <SimpleData name="Departamen">CANINDEYU</SimpleData>
            <SimpleData name="Distrito">VILLA YGATIM?</SimpleData>
            <SimpleData name="Localidad">COM INDIG CHUPA POU</SimpleData>
            <SimpleData name="TelÈfono">0983753324</SimpleData>
            <SimpleData name="Vivienda_L">-24.20915390000</SimpleData>
            <SimpleData name="Vivienda_1">-55.67881700000</SimpleData>
            <SimpleData name="Superficie">0.70000000000</SimpleData>
            <SimpleData name="Situaci_1">Pol?gono</SimpleData>
            <SimpleData name="Plantado">Si</SimpleData>
            <SimpleData name="Parcela_La">-24.21024331000</SimpleData>
            <SimpleData name="Parcela_Lo">-55.67932934000</SimpleData>
            <SimpleData name="Grupo_Impl">G2</SimpleData>
            <SimpleData name="Grupo_de_P">H-P2-P10P10-XX-XX</SimpleData>
            <SimpleData name="Jornales">4.00000000000</SimpleData>
            <SimpleData name="Monto">446008.00000000000</SimpleData>
            <SimpleData name="Estado_del">Activo</SimpleData>
            <SimpleData name="Empresa">Hyh Consultores SRL</SimpleData>
            <SimpleData name="Lote">H</SimpleData>
            <SimpleData name="Monitorear">No</SimpleData>
            <SimpleData name="Fecha_de_M">-</SimpleData>
            <SimpleData name="F__de_pren">-</SimpleData>
            <SimpleData name="Estado_FAO">Monitorear</SimpleData>
            <SimpleData name="Etapa_de_i">Mantenimiento A?o 1.2</SimpleData>
            <SimpleData name="Fecha_visi">2026/08/06</SimpleData>
            <SimpleData name="Cumple_sup">Si</SimpleData>
            <SimpleData name="Estado_mon">-</SimpleData>
            <SimpleData name="Situaci_12">-</SimpleData>
            <SimpleData name="Dias_trans">45.22151620370</SimpleData>
            <SimpleData name="Prioridad">ALTA</SimpleData>
          </SchemaData>
        </ExtendedData>
        <Point>
          <coordinates>
            -55.6793293381534,-24.210243312137,0
          </coordinates>
        </Point>
      </Placemark>
      <Placemark id="Distrito_VILLA_YGATIM__.61">
        <ExtendedData>
          <SchemaData schemaUrl="#Distrito_VILLA_YGATIM__.schema">
            <SimpleData name="CÈdula">6317338.00000000000</SimpleData>
            <SimpleData name="cedula">6317338</SimpleData>
            <SimpleData name="N">231.00000000000</SimpleData>
            <SimpleData name="Nombres_y_">ERMELINDA KUAREMINIGI KRAVACHIGI MBEPURAGI</SimpleData>
            <SimpleData name="Sexo">Mujer</SimpleData>
            <SimpleData name="Cambio_de_">NO</SimpleData>
            <SimpleData name="Titular_se">NO</SimpleData>
            <SimpleData name="SituaciÛn">NO</SimpleData>
            <SimpleData name="Comunidad">Ind?gena</SimpleData>
            <SimpleData name="Modelo_imp">Modelo 1</SimpleData>
            <SimpleData name="Departamen">CANINDEYU</SimpleData>
            <SimpleData name="Distrito">VILLA YGATIM?</SimpleData>
            <SimpleData name="Localidad">COM INDIG CHUPA POU</SimpleData>
            <SimpleData name="TelÈfono">0986557246</SimpleData>
            <SimpleData name="Vivienda_L">-24.20883760000</SimpleData>
            <SimpleData name="Vivienda_1">-55.67668620000</SimpleData>
            <SimpleData name="Superficie">0.80000000000</SimpleData>
            <SimpleData name="Situaci_1">Pol?gono</SimpleData>
            <SimpleData name="Plantado">Si</SimpleData>
            <SimpleData name="Parcela_La">-24.19799788000</SimpleData>
            <SimpleData name="Parcela_Lo">-55.66628316000</SimpleData>
            <SimpleData name="Grupo_Impl">G2</SimpleData>
            <SimpleData name="Grupo_de_P">H-P2-P10P10-XX-XX</SimpleData>
            <SimpleData name="Jornales">4.00000000000</SimpleData>
            <SimpleData name="Monto">446008.00000000000</SimpleData>
            <SimpleData name="Estado_del">Activo</SimpleData>
            <SimpleData name="Empresa">Hyh Consultores SRL</SimpleData>
            <SimpleData name="Lote">H</SimpleData>
            <SimpleData name="Monitorear">No</SimpleData>
            <SimpleData name="Fecha_de_M">24/7/2026</SimpleData>
            <SimpleData name="F__de_pren">80</SimpleData>
            <SimpleData name="Estado_FAO">Monitorear Reposicion</SimpleData>
            <SimpleData name="Etapa_de_i">Mantenimiento A?o 1.2</SimpleData>
            <SimpleData name="Fecha_visi">2026/07/18</SimpleData>
            <SimpleData name="Cumple_sup">Si</SimpleData>
            <SimpleData name="Estado_mon">?????? NO CUMPLE ??????</SimpleData>
            <SimpleData name="Situaci_12">Al momento del monitoreo de mantenimiento y asistencia t?cnica se observa que la parcela no cumple con las especificaciones t?cnicas establecidas.  Se sugiere reposici?n de especies forestales nativas y de r?pido crecimiento por falta de prendimiento</SimpleData>
            <SimpleData name="Dias_trans">64.30862268520</SimpleData>
            <SimpleData name="Prioridad">ALTA</SimpleData>
          </SchemaData>
        </ExtendedData>
        <Point>
          <coordinates>
            -55.6662831585374,-24.1979978814265,0
          </coordinates>
        </Point>
      </Placemark>
      <Placemark id="Distrito_VILLA_YGATIM__.62">
        <ExtendedData>
          <SchemaData schemaUrl="#Distrito_VILLA_YGATIM__.schema">
            <SimpleData name="CÈdula">3330550.00000000000</SimpleData>
            <SimpleData name="cedula">3330550</SimpleData>
            <SimpleData name="N">242.00000000000</SimpleData>
            <SimpleData name="Nombres_y_">LIDIA VILLALBA MARTINEZ</SimpleData>
            <SimpleData name="Sexo">Mujer</SimpleData>
            <SimpleData name="Cambio_de_">NO</SimpleData>
            <SimpleData name="Titular_se">NO</SimpleData>
            <SimpleData name="SituaciÛn">NO</SimpleData>
            <SimpleData name="Comunidad">Ind?gena</SimpleData>
            <SimpleData name="Modelo_imp">Modelo 1</SimpleData>
            <SimpleData name="Departamen">CANINDEYU</SimpleData>
            <SimpleData name="Distrito">VILLA YGATIM?</SimpleData>
            <SimpleData name="Localidad">COM INDIG CHUPA POU</SimpleData>
            <SimpleData name="TelÈfono">0982218450</SimpleData>
            <SimpleData name="Vivienda_L">-24.21321160000</SimpleData>
            <SimpleData name="Vivienda_1">-55.66989370000</SimpleData>
            <SimpleData name="Superficie">0.80000000000</SimpleData>
            <SimpleData name="Situaci_1">Pol?gono</SimpleData>
            <SimpleData name="Plantado">Si</SimpleData>
            <SimpleData name="Parcela_La">-24.21401955000</SimpleData>
            <SimpleData name="Parcela_Lo">-55.67028253000</SimpleData>
            <SimpleData name="Grupo_Impl">G2</SimpleData>
            <SimpleData name="Grupo_de_P">H-P2-P10P10-XX-XX</SimpleData>
            <SimpleData name="Jornales">4.00000000000</SimpleData>
            <SimpleData name="Monto">446008.00000000000</SimpleData>
            <SimpleData name="Estado_del">Activo</SimpleData>
            <SimpleData name="Empresa">Hyh Consultores SRL</SimpleData>
            <SimpleData name="Lote">H</SimpleData>
            <SimpleData name="Monitorear">No</SimpleData>
            <SimpleData name="Fecha_de_M">-</SimpleData>
            <SimpleData name="F__de_pren">-</SimpleData>
            <SimpleData name="Estado_FAO">Monitorear</SimpleData>
            <SimpleData name="Etapa_de_i">Mantenimiento A?o 1.2</SimpleData>
            <SimpleData name="Fecha_visi">2026/09/02</SimpleData>
            <SimpleData name="Cumple_sup">Si</SimpleData>
            <SimpleData name="Estado_mon">-</SimpleData>
            <SimpleData name="Situaci_12">-</SimpleData>
            <SimpleData name="Dias_trans">18.40599537040</SimpleData>
            <SimpleData name="Prioridad">ALTA</SimpleData>
          </SchemaData>
        </ExtendedData>
        <Point>
          <coordinates>
            -55.6702825256756,-24.21401955217,0
          </coordinates>
        </Point>
      </Placemark>
      <Placemark id="Distrito_VILLA_YGATIM__.63">
        <ExtendedData>
          <SchemaData schemaUrl="#Distrito_VILLA_YGATIM__.schema">
            <SimpleData name="CÈdula">5795309.00000000000</SimpleData>
            <SimpleData name="cedula">5795309</SimpleData>
            <SimpleData name="N">281.00000000000</SimpleData>
            <SimpleData name="Nombres_y_">VALIENTE  SAVAGI</SimpleData>
            <SimpleData name="Sexo">Hombre</SimpleData>
            <SimpleData name="Cambio_de_">NO</SimpleData>
            <SimpleData name="Titular_se">NO</SimpleData>
            <SimpleData name="SituaciÛn">NO</SimpleData>
            <SimpleData name="Comunidad">Ind?gena</SimpleData>
            <SimpleData name="Modelo_imp">Modelo 1</SimpleData>
            <SimpleData name="Departamen">CANINDEYU</SimpleData>
            <SimpleData name="Distrito">VILLA YGATIM?</SimpleData>
            <SimpleData name="Localidad">COM INDIG CHUPA POU</SimpleData>
            <SimpleData name="TelÈfono">985704163</SimpleData>
            <SimpleData name="Vivienda_L">-24.21429810000</SimpleData>
            <SimpleData name="Vivienda_1">-55.66654790000</SimpleData>
            <SimpleData name="Superficie">0.80000000000</SimpleData>
            <SimpleData name="Situaci_1">Pol?gono</SimpleData>
            <SimpleData name="Plantado">Si</SimpleData>
            <SimpleData name="Parcela_La">-24.21984738000</SimpleData>
            <SimpleData name="Parcela_Lo">-55.66544071000</SimpleData>
            <SimpleData name="Grupo_Impl">G2</SimpleData>
            <SimpleData name="Grupo_de_P">H-P7-XX-XX-XX</SimpleData>
            <SimpleData name="Jornales">0.00000000000</SimpleData>
            <SimpleData name="Monto">0.00000000000</SimpleData>
            <SimpleData name="Estado_del">Activo</SimpleData>
            <SimpleData name="Empresa">Hyh Consultores SRL</SimpleData>
            <SimpleData name="Lote">H</SimpleData>
            <SimpleData name="Monitorear">No</SimpleData>
            <SimpleData name="Fecha_de_M">24/7/2026</SimpleData>
            <SimpleData name="F__de_pren">40</SimpleData>
            <SimpleData name="Estado_FAO">Monitorear Reposicion</SimpleData>
            <SimpleData name="Etapa_de_i">Mantenimiento A?o 1.1</SimpleData>
            <SimpleData name="Fecha_visi">2026/09/11</SimpleData>
            <SimpleData name="Cumple_sup">Si</SimpleData>
            <SimpleData name="Estado_mon">?????? NO CUMPLE ??????</SimpleData>
            <SimpleData name="Situaci_12">Al momento del monitoreo de mantenimiento y asistencia t?cnica se observa que la parcela no cumple con las especificaciones t?cnicas establecidas. Se observa un alto porcentaje de especies forestales de r?pido crecimiento sin prendimiento y forestales</SimpleData>
            <SimpleData name="Dias_trans">9.44599537037</SimpleData>
            <SimpleData name="Prioridad">ALTA</SimpleData>
          </SchemaData>
        </ExtendedData>
        <Point>
          <coordinates>
            -55.6654407099269,-24.2198473789728,0
          </coordinates>
        </Point>
      </Placemark>
      <Placemark id="Distrito_VILLA_YGATIM__.64">
        <ExtendedData>
          <SchemaData schemaUrl="#Distrito_VILLA_YGATIM__.schema">
            <SimpleData name="CÈdula">4173682.00000000000</SimpleData>
            <SimpleData name="cedula">4173682</SimpleData>
            <SimpleData name="N">249.00000000000</SimpleData>
            <SimpleData name="Nombres_y_">ANTONIA MBYVANGI</SimpleData>
            <SimpleData name="Sexo">Mujer</SimpleData>
            <SimpleData name="Cambio_de_">NO</SimpleData>
            <SimpleData name="Titular_se">NO</SimpleData>
            <SimpleData name="SituaciÛn">NO</SimpleData>
            <SimpleData name="Comunidad">Ind?gena</SimpleData>
            <SimpleData name="Modelo_imp">Modelo 4</SimpleData>
            <SimpleData name="Departamen">CANINDEYU</SimpleData>
            <SimpleData name="Distrito">VILLA YGATIM?</SimpleData>
            <SimpleData name="Localidad">COM INDIG CHUPA POU</SimpleData>
            <SimpleData name="TelÈfono">No tiene</SimpleData>
            <SimpleData name="Vivienda_L">-24.20920180000</SimpleData>
            <SimpleData name="Vivienda_1">-55.67851560000</SimpleData>
            <SimpleData name="Superficie">0.70000000000</SimpleData>
            <SimpleData name="Situaci_1">Pol?gono</SimpleData>
            <SimpleData name="Plantado">Si</SimpleData>
            <SimpleData name="Parcela_La">-24.21016055000</SimpleData>
            <SimpleData name="Parcela_Lo">-55.67837013000</SimpleData>
            <SimpleData name="Grupo_Impl">G2</SimpleData>
            <SimpleData name="Grupo_de_P">H-P2-P10P10-XX-XX</SimpleData>
            <SimpleData name="Jornales">4.00000000000</SimpleData>
            <SimpleData name="Monto">446008.00000000000</SimpleData>
            <SimpleData name="Estado_del">Activo</SimpleData>
            <SimpleData name="Empresa">Hyh Consultores SRL</SimpleData>
            <SimpleData name="Lote">H</SimpleData>
            <SimpleData name="Monitorear">No</SimpleData>
            <SimpleData name="Fecha_de_M">-</SimpleData>
            <SimpleData name="F__de_pren">-</SimpleData>
            <SimpleData name="Estado_FAO">Monitorear</SimpleData>
            <SimpleData name="Etapa_de_i">Mantenimiento A?o 1.2</SimpleData>
            <SimpleData name="Fecha_visi">2026/08/06</SimpleData>
            <SimpleData name="Cumple_sup">Si</SimpleData>
            <SimpleData name="Estado_mon">-</SimpleData>
            <SimpleData name="Situaci_12">-</SimpleData>
            <SimpleData name="Dias_trans">45.21402777780</SimpleData>
            <SimpleData name="Prioridad">ALTA</SimpleData>
          </SchemaData>
        </ExtendedData>
        <Point>
          <coordinates>
            -55.6783701291937,-24.2101605450795,0
          </coordinates>
        </Point>
      </Placemark>
      <Placemark id="Distrito_VILLA_YGATIM__.65">
        <ExtendedData>
          <SchemaData schemaUrl="#Distrito_VILLA_YGATIM__.schema">
            <SimpleData name="CÈdula">7863761.00000000000</SimpleData>
            <SimpleData name="cedula">7863761</SimpleData>
            <SimpleData name="N">273.00000000000</SimpleData>
            <SimpleData name="Nombres_y_">SARA  VYRAKOGI</SimpleData>
            <SimpleData name="Sexo">Mujer</SimpleData>
            <SimpleData name="Cambio_de_">NO</SimpleData>
            <SimpleData name="Titular_se">NO</SimpleData>
            <SimpleData name="SituaciÛn">NO</SimpleData>
            <SimpleData name="Comunidad">Ind?gena</SimpleData>
            <SimpleData name="Modelo_imp">Modelo 4</SimpleData>
            <SimpleData name="Departamen">CANINDEYU</SimpleData>
            <SimpleData name="Distrito">VILLA YGATIM?</SimpleData>
            <SimpleData name="Localidad">COM INDIG CHUPA POU</SimpleData>
            <SimpleData name="TelÈfono">981189989</SimpleData>
            <SimpleData name="Vivienda_L">-24.20873000000</SimpleData>
            <SimpleData name="Vivienda_1">-55.67867670000</SimpleData>
            <SimpleData name="Superficie">0.70000000000</SimpleData>
            <SimpleData name="Situaci_1">Pol?gono</SimpleData>
            <SimpleData name="Plantado">Si</SimpleData>
            <SimpleData name="Parcela_La">-24.21997744000</SimpleData>
            <SimpleData name="Parcela_Lo">-55.70698262000</SimpleData>
            <SimpleData name="Grupo_Impl">G2</SimpleData>
            <SimpleData name="Grupo_de_P">H-P3-P10P10-XX-XX</SimpleData>
            <SimpleData name="Jornales">4.00000000000</SimpleData>
            <SimpleData name="Monto">446008.00000000000</SimpleData>
            <SimpleData name="Estado_del">Activo</SimpleData>
            <SimpleData name="Empresa">Hyh Consultores SRL</SimpleData>
            <SimpleData name="Lote">H</SimpleData>
            <SimpleData name="Monitorear">No</SimpleData>
            <SimpleData name="Fecha_de_M">-</SimpleData>
            <SimpleData name="F__de_pren">-</SimpleData>
            <SimpleData name="Estado_FAO">Monitorear</SimpleData>
            <SimpleData name="Etapa_de_i">Mantenimiento A?o 1.2</SimpleData>
            <SimpleData name="Fecha_visi">2026/09/13</SimpleData>
            <SimpleData name="Cumple_sup">Si</SimpleData>
            <SimpleData name="Estado_mon">-</SimpleData>
            <SimpleData name="Situaci_12">-</SimpleData>
            <SimpleData name="Dias_trans">7.15533564815</SimpleData>
            <SimpleData name="Prioridad">ALTA</SimpleData>
          </SchemaData>
        </ExtendedData>
        <Point>
          <coordinates>
            -55.7069826243708,-24.2199774402847,0
          </coordinates>
        </Point>
      </Placemark>
      <Placemark id="Distrito_VILLA_YGATIM__.66">
        <ExtendedData>
          <SchemaData schemaUrl="#Distrito_VILLA_YGATIM__.schema">
            <SimpleData name="CÈdula">4251068.00000000000</SimpleData>
            <SimpleData name="cedula">4251068</SimpleData>
            <SimpleData name="N">219.00000000000</SimpleData>
            <SimpleData name="Nombres_y_">AGUEDA EVANGELINA PAREDEZ GAVILAN</SimpleData>
            <SimpleData name="Sexo">Mujer</SimpleData>
            <SimpleData name="Cambio_de_">NO</SimpleData>
            <SimpleData name="Titular_se">NO</SimpleData>
            <SimpleData name="SituaciÛn">NO</SimpleData>
            <SimpleData name="Comunidad">Campesina</SimpleData>
            <SimpleData name="Modelo_imp">Modelo 5</SimpleData>
            <SimpleData name="Departamen">CANINDEYU</SimpleData>
            <SimpleData name="Distrito">VILLA YGATIM?</SimpleData>
            <SimpleData name="Localidad">ARROYO GUAZU</SimpleData>
            <SimpleData name="TelÈfono">0984324645</SimpleData>
            <SimpleData name="Vivienda_L">-24.01210830000</SimpleData>
            <SimpleData name="Vivienda_1">-55.65809170000</SimpleData>
            <SimpleData name="Superficie">0.70000000000</SimpleData>
            <SimpleData name="Situaci_1">Par?metro</SimpleData>
            <SimpleData name="Plantado">Si</SimpleData>
            <SimpleData name="Parcela_La">-24.01056682000</SimpleData>
            <SimpleData name="Parcela_Lo">-55.65825087000</SimpleData>
            <SimpleData name="Grupo_Impl">G2</SimpleData>
            <SimpleData name="Grupo_de_P">H-P8-XX-XX-XX</SimpleData>
            <SimpleData name="Jornales">0.00000000000</SimpleData>
            <SimpleData name="Monto">0.00000000000</SimpleData>
            <SimpleData name="Estado_del">Activo</SimpleData>
            <SimpleData name="Empresa">Hyh Consultores SRL</SimpleData>
            <SimpleData name="Lote">H</SimpleData>
            <SimpleData name="Monitorear">Si</SimpleData>
            <SimpleData name="Fecha_de_M">-</SimpleData>
            <SimpleData name="F__de_pren">-</SimpleData>
            <SimpleData name="Estado_FAO">Monitorear</SimpleData>
            <SimpleData name="Etapa_de_i">Mantenimiento A?o 1.1</SimpleData>
            <SimpleData name="Fecha_visi">2026/09/04</SimpleData>
            <SimpleData name="Cumple_sup">Si</SimpleData>
            <SimpleData name="Estado_mon">-</SimpleData>
            <SimpleData name="Situaci_12">-</SimpleData>
            <SimpleData name="Observaci">-</SimpleData>
            <SimpleData name="Dias_trans">16.24746527780</SimpleData>
            <SimpleData name="Prioridad">ALTA</SimpleData>
          </SchemaData>
        </ExtendedData>
        <Point>
          <coordinates>
            -55.6582508734129,-24.0105668160622,0
          </coordinates>
        </Point>
      </Placemark>
      <Placemark id="Distrito_VILLA_YGATIM__.67">
        <ExtendedData>
          <SchemaData schemaUrl="#Distrito_VILLA_YGATIM__.schema">
            <SimpleData name="CÈdula">4630101.00000000000</SimpleData>
            <SimpleData name="cedula">4630101</SimpleData>
            <SimpleData name="N">221.00000000000</SimpleData>
            <SimpleData name="Nombres_y_">LETICIA KUAREMINIGI MBEJUAGI MBEPURANGI</SimpleData>
            <SimpleData name="Sexo">Mujer</SimpleData>
            <SimpleData name="Cambio_de_">NO</SimpleData>
            <SimpleData name="Titular_se">NO</SimpleData>
            <SimpleData name="SituaciÛn">NO</SimpleData>
            <SimpleData name="Comunidad">Ind?gena</SimpleData>
            <SimpleData name="Modelo_imp">Modelo 5</SimpleData>
            <SimpleData name="Departamen">CANINDEYU</SimpleData>
            <SimpleData name="Distrito">VILLA YGATIM?</SimpleData>
            <SimpleData name="Localidad">COM INDIG CHUPA POU</SimpleData>
            <SimpleData name="TelÈfono">0986553047</SimpleData>
            <SimpleData name="Vivienda_L">-24.21013170000</SimpleData>
            <SimpleData name="Vivienda_1">-55.68083670000</SimpleData>
            <SimpleData name="Superficie">0.70000000000</SimpleData>
            <SimpleData name="Situaci_1">Pol?gono</SimpleData>
            <SimpleData name="Plantado">Si</SimpleData>
            <SimpleData name="Parcela_La">-24.21018500000</SimpleData>
            <SimpleData name="Parcela_Lo">-55.68063826000</SimpleData>
            <SimpleData name="Grupo_Impl">G2</SimpleData>
            <SimpleData name="Grupo_de_P">H-P2-P10P10-XX-XX</SimpleData>
            <SimpleData name="Jornales">4.00000000000</SimpleData>
            <SimpleData name="Monto">446008.00000000000</SimpleData>
            <SimpleData name="Estado_del">Activo</SimpleData>
            <SimpleData name="Empresa">Hyh Consultores SRL</SimpleData>
            <SimpleData name="Lote">H</SimpleData>
            <SimpleData name="Monitorear">No</SimpleData>
            <SimpleData name="Fecha_de_M">-</SimpleData>
            <SimpleData name="F__de_pren">-</SimpleData>
            <SimpleData name="Estado_FAO">Monitorear</SimpleData>
            <SimpleData name="Etapa_de_i">Mantenimiento A?o 1.2</SimpleData>
            <SimpleData name="Fecha_visi">2026/09/01</SimpleData>
            <SimpleData name="Cumple_sup">Si</SimpleData>
            <SimpleData name="Estado_mon">-</SimpleData>
            <SimpleData name="Situaci_12">-</SimpleData>
            <SimpleData name="Dias_trans">19.31435185190</SimpleData>
            <SimpleData name="Prioridad">ALTA</SimpleData>
          </SchemaData>
        </ExtendedData>
        <Point>
          <coordinates>
            -55.6806382635929,-24.210184996716,0
          </coordinates>
        </Point>
      </Placemark>
      <Placemark id="Distrito_VILLA_YGATIM__.68">
        <ExtendedData>
          <SchemaData schemaUrl="#Distrito_VILLA_YGATIM__.schema">
            <SimpleData name="CÈdula">3892441.00000000000</SimpleData>
            <SimpleData name="cedula">3892441</SimpleData>
            <SimpleData name="N">258.00000000000</SimpleData>
            <SimpleData name="Nombres_y_">CRISTINA VERA</SimpleData>
            <SimpleData name="Sexo">Mujer</SimpleData>
            <SimpleData name="Cambio_de_">NO</SimpleData>
            <SimpleData name="Titular_se">NO</SimpleData>
            <SimpleData name="SituaciÛn">NO</SimpleData>
            <SimpleData name="Comunidad">Ind?gena</SimpleData>
            <SimpleData name="Modelo_imp">Modelo 2</SimpleData>
            <SimpleData name="Departamen">CANINDEYU</SimpleData>
            <SimpleData name="Distrito">VILLA YGATIM?</SimpleData>
            <SimpleData name="Localidad">COM INDIG ITANARAMI CENTRO</SimpleData>
            <SimpleData name="TelÈfono">No tiene</SimpleData>
            <SimpleData name="Vivienda_L">-24.10728200000</SimpleData>
            <SimpleData name="Vivienda_1">-55.69283820000</SimpleData>
            <SimpleData name="Superficie">0.80000000000</SimpleData>
            <SimpleData name="Situaci_1">Par?metro</SimpleData>
            <SimpleData name="Plantado">Si</SimpleData>
            <SimpleData name="Parcela_La">-24.10251588000</SimpleData>
            <SimpleData name="Parcela_Lo">-55.69133190000</SimpleData>
            <SimpleData name="Grupo_Impl">G2</SimpleData>
            <SimpleData name="Grupo_de_P">H-P14-XX-XX-XX</SimpleData>
            <SimpleData name="Jornales">0.00000000000</SimpleData>
            <SimpleData name="Monto">0.00000000000</SimpleData>
            <SimpleData name="Estado_del">Activo</SimpleData>
            <SimpleData name="Empresa">Hyh Consultores SRL</SimpleData>
            <SimpleData name="Lote">H</SimpleData>
            <SimpleData name="Monitorear">No</SimpleData>
            <SimpleData name="Fecha_de_M">-</SimpleData>
            <SimpleData name="F__de_pren">-</SimpleData>
            <SimpleData name="Estado_FAO">Verificar posible desercion</SimpleData>
            <SimpleData name="Etapa_de_i">Mantenimiento A?o 1.1</SimpleData>
            <SimpleData name="Fecha_visi">2026/08/26</SimpleData>
            <SimpleData name="Cumple_sup">-</SimpleData>
            <SimpleData name="Estado_mon">-</SimpleData>
            <SimpleData name="Situaci_12">-</SimpleData>
            <SimpleData name="Observaci">Falta de inter?s o no ve el beneficio;;No hay inter?s</SimpleData>
            <SimpleData name="Dias_trans">25.56192671300</SimpleData>
            <SimpleData name="Prioridad">ALTA</SimpleData>
          </SchemaData>
        </ExtendedData>
        <Point>
          <coordinates>
            -55.6910908123853,-24.1024304510434,0
          </coordinates>
        </Point>
      </Placemark>
    </Document>
  </Document>
</kml>
